[
	{
		"id": "deadpool",
		"active": true,
		"name": "Deadpool",
		"subtitle": "Merc with a Mouth",
		"description": "Deadpool is the alter ego of Wade Wilson, a disfigured Canadian mercenary with superhuman regenerative healing abilities. He is known for his tendency to joke incessantly and break the fourth wall for humorous effect.",
		"image_url": "https://wallpapers.com/images/featured/deadpool-cartoon-jey5l4zjyazhj078.jpg",
		"strength": 50,
		"speed": 50,
		"skill": 90,
		"fear_factor": 1,
		"power": 80,
		"intelligence": 20,
		"wealth": 5
	},
	{
		"id": "roadrunner",
		"active": true,
		"name": "roadrunner",
		"subtitle": "Beep Beep",
		"description": "The Road Runner is a recurring character in the Looney Tunes franchise. Vocalizes only with a signature sound, 'Beep, beep', and an occasional tongue noise. He is always one step ahead of his predator, Wile E. Coyote.",
		"image_url": "https://static.wikia.nocookie.net/looneytunes/images/4/43/Road-runner.png/revision/latest?cb=20230106103454",
		"strength": 10,
		"speed": 100,
		"skill": 90,
		"fear_factor": 30,
		"power": 80,
		"intelligence": 80,
		"wealth": 1
	},
	{
		"id": "wile",
		"active": true,
		"name": "Wile E Coyote",
		"subtitle": "A.K.A. Wileward Ethelbert Coyote",
		"description": "Wile E. Coyote lives in a desert chasing Road Runner in hopes of catching and eating him. ",
		"image_url": "https://static.wikia.nocookie.net/cartooncharacters/images/0/03/21477bplooney-tunes-wile-e-coyote-posters-2007813.jpg/revision/latest?cb=20100528115118",
		"strength": 20,
		"speed": 10,
		"skill": 90,
		"fear_factor": 30,
		"power": 50,
		"intelligence": 54,
		"wealth": 10
	},
	{
		"id": "robin",
		"active": false,
		"name": "Robin",
		"subtitle": "Boy Wonder",
		"description": "Becoming Batman's protege, Robin is an expert fighter and astounding acrobatic.",
		"image_url": "https://static.dc.com/dc/files/default_images/Marquee_DSM_CH_098_558a03cfde9174.78898221.jpg",
		"strength": 50,
		"speed": 70,
		"skill": 90,
		"fear_factor": 30,
		"power": 30,
		"intelligence": 73,
		"wealth": 34
	},
	{
		"id": "batgirl",
		"active": true,
		"name": "Batgirl",
		"subtitle": "Barbara Gordon",
		"description": "Batgirl is the name of several fictional superheroines appearing in American comic books published by DC Comics, depicted as female counterparts and allies to the superhero Batman.",
		"image_url": "https://m.media-amazon.com/images/M/MV5BZjdiZTdhMzMtZTk4Yy00ZjllLWE5MDItYTY3Nzk0ZTVjNWI2XkEyXkFqcGdeQXVyMTU0OTM5ODc1._V1_FMjpg_UX1000_.jpg",
		"strength": 50,
		"speed": 70,
		"skill": 90,
		"fear_factor": 40,
		"power": 60,
		"intelligence": 93,
		"wealth": 34
	},
	{
		"id": "winnie",
		"active": true,
		"name": "Winnie The Pooh",
		"subtitle": "Pooh Bear",
		"description": "Winnie the Pooh, also known as Pooh bear or Pooh, is a fictional anthropomorphic teddy bear who has been a beloved children's character since his creation.",
		"image_url": "https://static.wikia.nocookie.net/disney/images/0/03/Profile_-_Winnie_the_Pooh.png/revision/latest?cb=20200510194837",
		"strength": 20,
		"speed": 10,
		"skill": 90,
		"fear_factor": 0,
		"power": 60,
		"intelligence": 72,
		"wealth": 20
	},
	{
		"id": "popeye",
		"active": true,
		"name": "Popeye",
		"subtitle": "The Sailor Man",
		"description": "Popeye, the Sailor Man, is a famous cartoon character known for his muscular physical features, squinted eyes, and unique speaking style.",
		"image_url": "https://upload.wikimedia.org/wikipedia/en/0/00/Popeye_the_Sailor.png",
		"strength": 100,
		"speed": 50,
		"skill": 90,
		"fear_factor": 70,
		"power": 80,
		"intelligence": 70,
		"wealth": 42
	},
	{
		"id": "charlie",
		"active": true,
		"name": "Charlie Brown",
		"subtitle": "Peanuts",
		"description": "Charles 'Charlie' Brown is the principal character of the comic strip Peanuts, syndicated in daily and Sunday newspapers in numerous countries all over the world. Depicted as a 'lovable loser', Charlie Brown is one of the great American archetypes and a popular and widely recognized cartoon character.",
		"image_url": "https://upload.wikimedia.org/wikipedia/en/2/22/Charlie_Brown.png",
		"strength": 20,
		"speed": 30,
		"skill": 90,
		"fear_factor": 2,
		"power": 5,
		"intelligence": 23,
		"wealth": 8
	},
	{
		"id": "snoopy",
		"active": true,
		"name": "Snoopy",
		"subtitle": "Snoop Dog",
		"description": "Snoopy is an anthropomorphic beagle in the comic strip Peanuts by Charles M. Schulz. He can also be found in all of the Peanuts films and television specials.",
		"image_url": "https://upload.wikimedia.org/wikipedia/en/5/53/Snoopy_Peanuts.png",
		"strength": 50,
		"speed": 70,
		"skill": 90,
		"fear_factor": 30,
		"power": 30,
		"intelligence": 73,
		"wealth": 34
	},
	{
		"id": "felix",
		"active": true,
		"name": "Felix the Cat",
		"subtitle": "The wonderful wonderful cat",
		"description": "An anthropomorphic young black cat with white eyes, a black body, and a giant grin, he is often considered one of the most recognized cartoon characters in history. ",
		"image_url": "https://upload.wikimedia.org/wikipedia/commons/thumb/a/a4/Felix_for_Judy_-_Svg.svg/1200px-Felix_for_Judy_-_Svg.svg.png",
		"strength": 50,
		"speed": 70,
		"skill": 90,
		"fear_factor": 30,
		"power": 22,
		"intelligence": 91,
		"wealth": 34
	}
]
