[{"_id":{"$oid":"5f5237a4c1beb1523fa3da02"},"firstname":"Anita","lastname":"Simpson","email":"anita.simpson@hooli.com","password":"$2a$10$JbEPsX3aHDjQe6nlTOcN4.dHoV4xofltgdI.LGohsQFOE5q8btDb2"},
{"_id":{"$oid":"5f5237a4c1beb1523fa3da03"},"firstname":"Holli","lastname":"Moore","email":"holli.moore@outlook.com","password":"$2a$10$JbEPsX3aHDjQe6nlTOcN4.dHoV4xofltgdI.LGohsQFOE5q8btDb2"},
{"_id":{"$oid":"5f5237a4c1beb1523fa3da04"},"firstname":"Robert","lastname":"Vasques","email":"robert.vasques@piedpiper.com","password":"$2a$10$JbEPsX3aHDjQe6nlTOcN4.dHoV4xofltgdI.LGohsQFOE5q8btDb2"},
{"_id":{"$oid":"5f5237a4c1beb1523fa3da05"},"firstname":"Jimmy","lastname":"Sagedahl","email":"jimmy.sagedahl@hooli.com","password":"$2a$10$JbEPsX3aHDjQe6nlTOcN4.dHoV4xofltgdI.LGohsQFOE5q8btDb2"},
{"_id":{"$oid":"5f5237a4c1beb1523fa3da06"},"firstname":"Tyler","lastname":"Martin","email":"tyler.martin@piedpiper.com","password":"$2a$10$N6lNPwMOyqWdBWZ0vas8RuaCVF28LdHIPNnrNNZSeomn7vmgdsYPS"},
{"_id":{"$oid":"5f5237a4c1beb1523fa3da07"},"firstname":"Gordon","lastname":"Anderson","email":"gordon.anderson@hooli.com","password":"$2a$10$N6lNPwMOyqWdBWZ0vas8RuaCVF28LdHIPNnrNNZSeomn7vmgdsYPS"},
{"_id":{"$oid":"5f5237a4c1beb1523fa3da08"},"firstname":"Alexander","lastname":"Armstrong","email":"alexander.armstrong@gmail.com","password":"$2a$10$N6lNPwMOyqWdBWZ0vas8RuaCVF28LdHIPNnrNNZSeomn7vmgdsYPS"},
{"_id":{"$oid":"5f5237a4c1beb1523fa3da09"},"firstname":"Patricia","lastname":"Koslow","email":"patricia.koslow@gmail.com","password":"$2a$10$N6lNPwMOyqWdBWZ0vas8RuaCVF28LdHIPNnrNNZSeomn7vmgdsYPS"},
{"_id":{"$oid":"5f5237a4c1beb1523fa3da0a"},"firstname":"Dudley","lastname":"Mccloud","email":"dudley.mccloud@raviga.com","password":"$2a$10$JbEPsX3aHDjQe6nlTOcN4.dHoV4xofltgdI.LGohsQFOE5q8btDb2"},
{"_id":{"$oid":"5f5237a4c1beb1523fa3da0b"},"firstname":"Renee","lastname":"Linstrom","email":"renee.linstrom@piedpiper.com","password":"$2a$10$JbEPsX3aHDjQe6nlTOcN4.dHoV4xofltgdI.LGohsQFOE5q8btDb2"},
{"_id":{"$oid":"5f5237a4c1beb1523fa3da0c"},"firstname":"Jeffery","lastname":"Pendleton","email":"jeffery.pendleton@bachmanity.com","password":"$2a$10$JbEPsX3aHDjQe6nlTOcN4.dHoV4xofltgdI.LGohsQFOE5q8btDb2"},
{"_id":{"$oid":"5f5237a4c1beb1523fa3da0d"},"firstname":"William","lastname":"Stevenson","email":"william.stevenson@ymail.com","password":"$2a$10$JbEPsX3aHDjQe6nlTOcN4.dHoV4xofltgdI.LGohsQFOE5q8btDb2"},
{"_id":{"$oid":"5f5237a4c1beb1523fa3da0e"},"firstname":"Faye","lastname":"Mills","email":"faye.mills@ymail.com","password":"$2a$10$JbEPsX3aHDjQe6nlTOcN4.dHoV4xofltgdI.LGohsQFOE5q8btDb2"},
{"_id":{"$oid":"5f5237a4c1beb1523fa3da0f"},"firstname":"Janet","lastname":"Sweet","email":"janet.sweet@endframe.com","password":"$2a$10$JbEPsX3aHDjQe6nlTOcN4.dHoV4xofltgdI.LGohsQFOE5q8btDb2"},
{"_id":{"$oid":"5f5237a4c1beb1523fa3da10"},"firstname":"Chris","lastname":"Dimiceli","email":"chris.dimiceli@yahoo.com","password":"$2a$10$JbEPsX3aHDjQe6nlTOcN4.dHoV4xofltgdI.LGohsQFOE5q8btDb2"},
{"_id":{"$oid":"5f5237a4c1beb1523fa3da11"},"firstname":"Veronica","lastname":"Courtney","email":"veronica.courtney@ymail.com","password":"$2a$10$JbEPsX3aHDjQe6nlTOcN4.dHoV4xofltgdI.LGohsQFOE5q8btDb2"},
{"_id":{"$oid":"5f5237a4c1beb1523fa3da12"},"firstname":"Judith","lastname":"Garza","email":"judith.garza@piedpiper.com","password":"$2a$10$JbEPsX3aHDjQe6nlTOcN4.dHoV4xofltgdI.LGohsQFOE5q8btDb2"},
{"_id":{"$oid":"5f5237a4c1beb1523fa3da13"},"firstname":"David","lastname":"Oldham","email":"david.oldham@yahoo.com","password":"$2a$10$JbEPsX3aHDjQe6nlTOcN4.dHoV4xofltgdI.LGohsQFOE5q8btDb2"},
{"_id":{"$oid":"5f5237a4c1beb1523fa3da14"},"firstname":"Marvin","lastname":"Huber","email":"marvin.huber@hooli.com","password":"$2a$10$JbEPsX3aHDjQe6nlTOcN4.dHoV4xofltgdI.LGohsQFOE5q8btDb2"},
{"_id":{"$oid":"5f5237a4c1beb1523fa3da15"},"firstname":"Vanessa","lastname":"Anderson","email":"vanessa.anderson@raviga.com","password":"$2a$10$JbEPsX3aHDjQe6nlTOcN4.dHoV4xofltgdI.LGohsQFOE5q8btDb2"},
{"_id":{"$oid":"5f5237a4c1beb1523fa3da16"},"firstname":"Howard","lastname":"Castillo","email":"howard.castillo@gmail.com","password":"$2a$10$JbEPsX3aHDjQe6nlTOcN4.dHoV4xofltgdI.LGohsQFOE5q8btDb2"},
{"_id":{"$oid":"5f5237a4c1beb1523fa3da17"},"firstname":"Terrance","lastname":"Britt","email":"terrance.britt@bachmanity.com","password":"$2a$10$JbEPsX3aHDjQe6nlTOcN4.dHoV4xofltgdI.LGohsQFOE5q8btDb2"},
{"_id":{"$oid":"5f5237a4c1beb1523fa3da18"},"firstname":"Cindy","lastname":"Singleton","email":"cindy.singleton@bachmanity.com","password":"$2a$10$JbEPsX3aHDjQe6nlTOcN4.dHoV4xofltgdI.LGohsQFOE5q8btDb2"},
{"_id":{"$oid":"5f5237a4c1beb1523fa3da19"},"firstname":"Cory","lastname":"Rose","email":"cory.rose@ymail.com","password":"$2a$10$JbEPsX3aHDjQe6nlTOcN4.dHoV4xofltgdI.LGohsQFOE5q8btDb2"},
{"_id":{"$oid":"5f5237a4c1beb1523fa3da1a"},"firstname":"Micheal","lastname":"Boldosser","email":"micheal.boldosser@outlook.com","password":"$2a$10$JbEPsX3aHDjQe6nlTOcN4.dHoV4xofltgdI.LGohsQFOE5q8btDb2"},
{"_id":{"$oid":"5f5237a4c1beb1523fa3da1b"},"firstname":"Gary","lastname":"Crawford","email":"gary.crawford@gmail.com","password":"$2a$10$JbEPsX3aHDjQe6nlTOcN4.dHoV4xofltgdI.LGohsQFOE5q8btDb2"},
{"_id":{"$oid":"5f5237a4c1beb1523fa3da1c"},"firstname":"Anna","lastname":"Garcia","email":"anna.garcia@bachmanity.com","password":"$2a$10$JbEPsX3aHDjQe6nlTOcN4.dHoV4xofltgdI.LGohsQFOE5q8btDb2"},
{"_id":{"$oid":"5f5237a4c1beb1523fa3da1d"},"firstname":"Esmeralda","lastname":"Williams","email":"esmeralda.williams@bachmanity.com","password":"$2a$10$JbEPsX3aHDjQe6nlTOcN4.dHoV4xofltgdI.LGohsQFOE5q8btDb2"},
{"_id":{"$oid":"5f5237a4c1beb1523fa3da1e"},"firstname":"Betty","lastname":"Kennedy","email":"betty.kennedy@yahoo.com","password":"$2a$10$JbEPsX3aHDjQe6nlTOcN4.dHoV4xofltgdI.LGohsQFOE5q8btDb2"},
{"_id":{"$oid":"5f5237a4c1beb1523fa3da1f"},"firstname":"Blanche","lastname":"Tibbits","email":"blanche.tibbits@hooli.com","password":"$2a$10$JbEPsX3aHDjQe6nlTOcN4.dHoV4xofltgdI.LGohsQFOE5q8btDb2"},
{"_id":{"$oid":"5f5237a4c1beb1523fa3da20"},"firstname":"Justin","lastname":"Frick","email":"justin.frick@endframe.com","password":"$2a$10$JbEPsX3aHDjQe6nlTOcN4.dHoV4xofltgdI.LGohsQFOE5q8btDb2"},
{"_id":{"$oid":"5f5237a4c1beb1523fa3da21"},"firstname":"Tyler","lastname":"Vaughn","email":"tyler.vaughn@piedpiper.com","password":"$2a$10$JbEPsX3aHDjQe6nlTOcN4.dHoV4xofltgdI.LGohsQFOE5q8btDb2"},
{"_id":{"$oid":"5f5237a4c1beb1523fa3da22"},"firstname":"Ines","lastname":"Johnson","email":"ines.johnson@piedpiper.com","password":"$2a$10$JbEPsX3aHDjQe6nlTOcN4.dHoV4xofltgdI.LGohsQFOE5q8btDb2"},
{"_id":{"$oid":"5f5237a4c1beb1523fa3da23"},"firstname":"Steven","lastname":"Ramos","email":"steven.ramos@yahoo.com","password":"$2a$10$JbEPsX3aHDjQe6nlTOcN4.dHoV4xofltgdI.LGohsQFOE5q8btDb2"},
{"_id":{"$oid":"5f5237a4c1beb1523fa3da24"},"firstname":"Adrian","lastname":"Jones","email":"adrian.jones@piedpiper.com","password":"$2a$10$JbEPsX3aHDjQe6nlTOcN4.dHoV4xofltgdI.LGohsQFOE5q8btDb2"},
{"_id":{"$oid":"5f5237a4c1beb1523fa3da25"},"firstname":"Cindy","lastname":"Mcneil","email":"cindy.mcneil@yahoo.com","password":"$2a$10$JbEPsX3aHDjQe6nlTOcN4.dHoV4xofltgdI.LGohsQFOE5q8btDb2"},
{"_id":{"$oid":"5f5237a4c1beb1523fa3da26"},"firstname":"Samuel","lastname":"Knowlton","email":"samuel.knowlton@gmail.com","password":"$2a$10$JbEPsX3aHDjQe6nlTOcN4.dHoV4xofltgdI.LGohsQFOE5q8btDb2"},
{"_id":{"$oid":"5f5237a4c1beb1523fa3da27"},"firstname":"Brittney","lastname":"Knox","email":"brittney.knox@hooli.com","password":"$2a$10$JbEPsX3aHDjQe6nlTOcN4.dHoV4xofltgdI.LGohsQFOE5q8btDb2"},
{"_id":{"$oid":"5f5237a4c1beb1523fa3da28"},"firstname":"Paul","lastname":"Mann","email":"paul.mann@yahoo.com","password":"$2a$10$JbEPsX3aHDjQe6nlTOcN4.dHoV4xofltgdI.LGohsQFOE5q8btDb2"},
{"_id":{"$oid":"5f5237a4c1beb1523fa3da29"},"firstname":"Marilyn","lastname":"Hokula","email":"marilyn.hokula@bachmanity.com","password":"$2a$10$JbEPsX3aHDjQe6nlTOcN4.dHoV4xofltgdI.LGohsQFOE5q8btDb2"},
{"_id":{"$oid":"5f5237a4c1beb1523fa3da2a"},"firstname":"Jorge","lastname":"Ouellette","email":"jorge.ouellette@ymail.com","password":"$2a$10$JbEPsX3aHDjQe6nlTOcN4.dHoV4xofltgdI.LGohsQFOE5q8btDb2"},
{"_id":{"$oid":"5f5237a4c1beb1523fa3da2b"},"firstname":"Andrew","lastname":"Calderon","email":"andrew.calderon@gmail.com","password":"$2a$10$JbEPsX3aHDjQe6nlTOcN4.dHoV4xofltgdI.LGohsQFOE5q8btDb2"},
{"_id":{"$oid":"5f5237a4c1beb1523fa3da2c"},"firstname":"Harry","lastname":"Peterson","email":"harry.peterson@ymail.com","password":"$2a$10$JbEPsX3aHDjQe6nlTOcN4.dHoV4xofltgdI.LGohsQFOE5q8btDb2"},
{"_id":{"$oid":"5f5237a4c1beb1523fa3da2d"},"firstname":"Joshua","lastname":"Cortez","email":"joshua.cortez@outlook.com","password":"$2a$10$JbEPsX3aHDjQe6nlTOcN4.dHoV4xofltgdI.LGohsQFOE5q8btDb2"},
{"_id":{"$oid":"5f5237a4c1beb1523fa3da2e"},"firstname":"Anne","lastname":"Martin","email":"anne.martin@hooli.com","password":"$2a$10$JbEPsX3aHDjQe6nlTOcN4.dHoV4xofltgdI.LGohsQFOE5q8btDb2"},
{"_id":{"$oid":"5f5237a4c1beb1523fa3da2f"},"firstname":"Steven","lastname":"Gates","email":"steven.gates@hooli.com","password":"$2a$10$JbEPsX3aHDjQe6nlTOcN4.dHoV4xofltgdI.LGohsQFOE5q8btDb2"},
{"_id":{"$oid":"5f5237a4c1beb1523fa3da30"},"firstname":"Teresa","lastname":"Froneberger","email":"teresa.froneberger@gmail.com","password":"$2a$10$JbEPsX3aHDjQe6nlTOcN4.dHoV4xofltgdI.LGohsQFOE5q8btDb2"},
{"_id":{"$oid":"5f5237a4c1beb1523fa3da31"},"firstname":"Cathy","lastname":"Spenser","email":"cathy.spenser@ymail.com","password":"$2a$10$JbEPsX3aHDjQe6nlTOcN4.dHoV4xofltgdI.LGohsQFOE5q8btDb2"},
{"_id":{"$oid":"5f5237a4c1beb1523fa3da32"},"firstname":"Philip","lastname":"Pena","email":"philip.pena@bachmanity.com","password":"$2a$10$JbEPsX3aHDjQe6nlTOcN4.dHoV4xofltgdI.LGohsQFOE5q8btDb2"},
{"_id":{"$oid":"5f5237a4c1beb1523fa3da33"},"firstname":"Odell","lastname":"Stewart","email":"odell.stewart@outlook.com","password":"$2a$10$JbEPsX3aHDjQe6nlTOcN4.dHoV4xofltgdI.LGohsQFOE5q8btDb2"},
{"_id":{"$oid":"5f5237a4c1beb1523fa3da34"},"firstname":"Patrice","lastname":"Beasley","email":"patrice.beasley@outlook.com","password":"$2a$10$JbEPsX3aHDjQe6nlTOcN4.dHoV4xofltgdI.LGohsQFOE5q8btDb2"},
{"_id":{"$oid":"5f5237a4c1beb1523fa3da35"},"firstname":"Cruz","lastname":"Brooks","email":"cruz.brooks@endframe.com","password":"$2a$10$JbEPsX3aHDjQe6nlTOcN4.dHoV4xofltgdI.LGohsQFOE5q8btDb2"},
{"_id":{"$oid":"5f5237a4c1beb1523fa3da36"},"firstname":"Israel","lastname":"Ford","email":"israel.ford@outlook.com","password":"$2a$10$JbEPsX3aHDjQe6nlTOcN4.dHoV4xofltgdI.LGohsQFOE5q8btDb2"},
{"_id":{"$oid":"5f5237a4c1beb1523fa3da37"},"firstname":"Sarah","lastname":"Taylor","email":"sarah.taylor@endframe.com","password":"$2a$10$JbEPsX3aHDjQe6nlTOcN4.dHoV4xofltgdI.LGohsQFOE5q8btDb2"},
{"_id":{"$oid":"5f5237a4c1beb1523fa3da38"},"firstname":"Raymond","lastname":"Munoz","email":"raymond.munoz@outlook.com","password":"$2a$10$JbEPsX3aHDjQe6nlTOcN4.dHoV4xofltgdI.LGohsQFOE5q8btDb2"},
{"_id":{"$oid":"5f5237a4c1beb1523fa3da39"},"firstname":"Sara","lastname":"Meade","email":"sara.meade@bachmanity.com","password":"$2a$10$JbEPsX3aHDjQe6nlTOcN4.dHoV4xofltgdI.LGohsQFOE5q8btDb2"},
{"_id":{"$oid":"5f5237a4c1beb1523fa3da3a"},"firstname":"Faye","lastname":"Christensen","email":"faye.christensen@yahoo.com","password":"$2a$10$JbEPsX3aHDjQe6nlTOcN4.dHoV4xofltgdI.LGohsQFOE5q8btDb2"},
{"_id":{"$oid":"5f5237a4c1beb1523fa3da3b"},"firstname":"Valerie","lastname":"Durham","email":"valerie.durham@outlook.com","password":"$2a$10$JbEPsX3aHDjQe6nlTOcN4.dHoV4xofltgdI.LGohsQFOE5q8btDb2"},
{"_id":{"$oid":"5f5237a4c1beb1523fa3da3c"},"firstname":"Alice","lastname":"Sanchez","email":"alice.sanchez@gmail.com","password":"$2a$10$JbEPsX3aHDjQe6nlTOcN4.dHoV4xofltgdI.LGohsQFOE5q8btDb2"},
{"_id":{"$oid":"5f5237a4c1beb1523fa3da3d"},"firstname":"Richard","lastname":"Mullenax","email":"richard.mullenax@endframe.com","password":"$2a$10$JbEPsX3aHDjQe6nlTOcN4.dHoV4xofltgdI.LGohsQFOE5q8btDb2"},
{"_id":{"$oid":"5f5237a4c1beb1523fa3da3e"},"firstname":"Pamela","lastname":"Heyman","email":"pamela.heyman@ymail.com","password":"$2a$10$JbEPsX3aHDjQe6nlTOcN4.dHoV4xofltgdI.LGohsQFOE5q8btDb2"},
{"_id":{"$oid":"5f5237a4c1beb1523fa3da3f"},"firstname":"Melisa","lastname":"Dain","email":"melisa.dain@gmail.com","password":"$2a$10$JbEPsX3aHDjQe6nlTOcN4.dHoV4xofltgdI.LGohsQFOE5q8btDb2"},
{"_id":{"$oid":"5f5237a4c1beb1523fa3da40"},"firstname":"Robert","lastname":"Johnson","email":"robert.johnson@endframe.com","password":"$2a$10$JbEPsX3aHDjQe6nlTOcN4.dHoV4xofltgdI.LGohsQFOE5q8btDb2"},
{"_id":{"$oid":"5f5237a4c1beb1523fa3da41"},"firstname":"Patricia","lastname":"Fleming","email":"patricia.fleming@hooli.com","password":"$2a$10$JbEPsX3aHDjQe6nlTOcN4.dHoV4xofltgdI.LGohsQFOE5q8btDb2"},
{"_id":{"$oid":"5f5237a4c1beb1523fa3da42"},"firstname":"Janice","lastname":"Constanza","email":"janice.constanza@ymail.com","password":"$2a$10$JbEPsX3aHDjQe6nlTOcN4.dHoV4xofltgdI.LGohsQFOE5q8btDb2"},
{"_id":{"$oid":"5f5237a4c1beb1523fa3da43"},"firstname":"Lori","lastname":"Osburn","email":"lori.osburn@hooli.com","password":"$2a$10$JbEPsX3aHDjQe6nlTOcN4.dHoV4xofltgdI.LGohsQFOE5q8btDb2"},
{"_id":{"$oid":"5f5237a4c1beb1523fa3da44"},"firstname":"Jacqueline","lastname":"Crofts","email":"jacqueline.crofts@outlook.com","password":"$2a$10$JbEPsX3aHDjQe6nlTOcN4.dHoV4xofltgdI.LGohsQFOE5q8btDb2"},
{"_id":{"$oid":"5f5237a4c1beb1523fa3da45"},"firstname":"Wilfred","lastname":"Urquhart","email":"wilfred.urquhart@endframe.com","password":"$2a$10$JbEPsX3aHDjQe6nlTOcN4.dHoV4xofltgdI.LGohsQFOE5q8btDb2"},
{"_id":{"$oid":"5f5237a4c1beb1523fa3da46"},"firstname":"Shirley","lastname":"Ipock","email":"shirley.ipock@piedpiper.com","password":"$2a$10$JbEPsX3aHDjQe6nlTOcN4.dHoV4xofltgdI.LGohsQFOE5q8btDb2"},
{"_id":{"$oid":"5f5237a4c1beb1523fa3da47"},"firstname":"Ruben","lastname":"Stevens","email":"ruben.stevens@raviga.com","password":"$2a$10$JbEPsX3aHDjQe6nlTOcN4.dHoV4xofltgdI.LGohsQFOE5q8btDb2"},
{"_id":{"$oid":"5f5237a4c1beb1523fa3da48"},"firstname":"Christian","lastname":"Daugherty","email":"christian.daugherty@endframe.com","password":"$2a$10$JbEPsX3aHDjQe6nlTOcN4.dHoV4xofltgdI.LGohsQFOE5q8btDb2"},
{"_id":{"$oid":"5f5237a4c1beb1523fa3da49"},"firstname":"George","lastname":"Pimentel","email":"george.pimentel@gmail.com","password":"$2a$10$JbEPsX3aHDjQe6nlTOcN4.dHoV4xofltgdI.LGohsQFOE5q8btDb2"},
{"_id":{"$oid":"5f5237a4c1beb1523fa3da4a"},"firstname":"Christopher","lastname":"Morales","email":"christopher.morales@outlook.com","password":"$2a$10$JbEPsX3aHDjQe6nlTOcN4.dHoV4xofltgdI.LGohsQFOE5q8btDb2"},
{"_id":{"$oid":"5f5237a4c1beb1523fa3da4b"},"firstname":"Cora","lastname":"Blackwell","email":"cora.blackwell@ymail.com","password":"$2a$10$JbEPsX3aHDjQe6nlTOcN4.dHoV4xofltgdI.LGohsQFOE5q8btDb2"},
{"_id":{"$oid":"5f5237a4c1beb1523fa3da4c"},"firstname":"Benjamin","lastname":"Knight","email":"benjamin.knight@raviga.com","password":"$2a$10$JbEPsX3aHDjQe6nlTOcN4.dHoV4xofltgdI.LGohsQFOE5q8btDb2"},
{"_id":{"$oid":"5f5237a4c1beb1523fa3da4d"},"firstname":"Catherine","lastname":"Acton","email":"catherine.acton@ymail.com","password":"$2a$10$JbEPsX3aHDjQe6nlTOcN4.dHoV4xofltgdI.LGohsQFOE5q8btDb2"},
{"_id":{"$oid":"5f5237a4c1beb1523fa3da4e"},"firstname":"Barbara","lastname":"Mellin","email":"barbara.mellin@hooli.com","password":"$2a$10$JbEPsX3aHDjQe6nlTOcN4.dHoV4xofltgdI.LGohsQFOE5q8btDb2"},
{"_id":{"$oid":"5f5237a4c1beb1523fa3da4f"},"firstname":"Jenny","lastname":"Woodall","email":"jenny.woodall@piedpiper.com","password":"$2a$10$JbEPsX3aHDjQe6nlTOcN4.dHoV4xofltgdI.LGohsQFOE5q8btDb2"},
{"_id":{"$oid":"5f5237a4c1beb1523fa3da50"},"firstname":"Scott","lastname":"Hampton","email":"scott.hampton@raviga.com","password":"$2a$10$JbEPsX3aHDjQe6nlTOcN4.dHoV4xofltgdI.LGohsQFOE5q8btDb2"},
{"_id":{"$oid":"5f5237a4c1beb1523fa3da51"},"firstname":"Katherine","lastname":"Perez","email":"katherine.perez@yahoo.com","password":"$2a$10$JbEPsX3aHDjQe6nlTOcN4.dHoV4xofltgdI.LGohsQFOE5q8btDb2"},
{"_id":{"$oid":"5f5237a4c1beb1523fa3da52"},"firstname":"Joseph","lastname":"Trout","email":"joseph.trout@piedpiper.com","password":"$2a$10$JbEPsX3aHDjQe6nlTOcN4.dHoV4xofltgdI.LGohsQFOE5q8btDb2"},
{"_id":{"$oid":"5f5237a4c1beb1523fa3da53"},"firstname":"Ivan","lastname":"Brown","email":"ivan.brown@hooli.com","password":"$2a$10$JbEPsX3aHDjQe6nlTOcN4.dHoV4xofltgdI.LGohsQFOE5q8btDb2"},
{"_id":{"$oid":"5f5237a4c1beb1523fa3da54"},"firstname":"Minerva","lastname":"Bloom","email":"minerva.bloom@piedpiper.com","password":"$2a$10$JbEPsX3aHDjQe6nlTOcN4.dHoV4xofltgdI.LGohsQFOE5q8btDb2"},
{"_id":{"$oid":"5f5237a4c1beb1523fa3da55"},"firstname":"Terry","lastname":"Perigo","email":"terry.perigo@hooli.com","password":"$2a$10$JbEPsX3aHDjQe6nlTOcN4.dHoV4xofltgdI.LGohsQFOE5q8btDb2"},
{"_id":{"$oid":"5f5237a4c1beb1523fa3da56"},"firstname":"Martha","lastname":"Wade","email":"martha.wade@endframe.com","password":"$2a$10$JbEPsX3aHDjQe6nlTOcN4.dHoV4xofltgdI.LGohsQFOE5q8btDb2"},
{"_id":{"$oid":"5f5237a4c1beb1523fa3da57"},"firstname":"Marc","lastname":"Weekly","email":"marc.weekly@piedpiper.com","password":"$2a$10$JbEPsX3aHDjQe6nlTOcN4.dHoV4xofltgdI.LGohsQFOE5q8btDb2"},
{"_id":{"$oid":"5f5237a4c1beb1523fa3da58"},"firstname":"Jean","lastname":"Lowrey","email":"jean.lowrey@ymail.com","password":"$2a$10$JbEPsX3aHDjQe6nlTOcN4.dHoV4xofltgdI.LGohsQFOE5q8btDb2"},
{"_id":{"$oid":"5f5237a4c1beb1523fa3da59"},"firstname":"Claude","lastname":"Shortt","email":"claude.shortt@piedpiper.com","password":"$2a$10$JbEPsX3aHDjQe6nlTOcN4.dHoV4xofltgdI.LGohsQFOE5q8btDb2"},
{"_id":{"$oid":"5f5237a4c1beb1523fa3da5a"},"firstname":"Michelle","lastname":"Powell","email":"michelle.powell@piedpiper.com","password":"$2a$10$JbEPsX3aHDjQe6nlTOcN4.dHoV4xofltgdI.LGohsQFOE5q8btDb2"},
{"_id":{"$oid":"5f5237a4c1beb1523fa3da5b"},"firstname":"Douglas","lastname":"George","email":"douglas.george@outlook.com","password":"$2a$10$JbEPsX3aHDjQe6nlTOcN4.dHoV4xofltgdI.LGohsQFOE5q8btDb2"},
{"_id":{"$oid":"5f5237a4c1beb1523fa3da5c"},"firstname":"Susan","lastname":"Ellwanger","email":"susan.ellwanger@bachmanity.com","password":"$2a$10$JbEPsX3aHDjQe6nlTOcN4.dHoV4xofltgdI.LGohsQFOE5q8btDb2"},
{"_id":{"$oid":"5f5237a4c1beb1523fa3da5d"},"firstname":"Gertrud","lastname":"Simon","email":"gertrud.simon@gmail.com","password":"$2a$10$JbEPsX3aHDjQe6nlTOcN4.dHoV4xofltgdI.LGohsQFOE5q8btDb2"},
{"_id":{"$oid":"5f5237a4c1beb1523fa3da5e"},"firstname":"Cheryl","lastname":"Webster","email":"cheryl.webster@ymail.com","password":"$2a$10$JbEPsX3aHDjQe6nlTOcN4.dHoV4xofltgdI.LGohsQFOE5q8btDb2"},
{"_id":{"$oid":"5f5237a4c1beb1523fa3da5f"},"firstname":"Vicente","lastname":"Stefanatos","email":"vicente.stefanatos@ymail.com","password":"$2a$10$JbEPsX3aHDjQe6nlTOcN4.dHoV4xofltgdI.LGohsQFOE5q8btDb2"},
{"_id":{"$oid":"5f5237a4c1beb1523fa3da60"},"firstname":"Mary","lastname":"Robichaud","email":"mary.robichaud@piedpiper.com","password":"$2a$10$JbEPsX3aHDjQe6nlTOcN4.dHoV4xofltgdI.LGohsQFOE5q8btDb2"},
{"_id":{"$oid":"5f5237a4c1beb1523fa3da61"},"firstname":"Steve","lastname":"Saucedo","email":"steve.saucedo@ymail.com","password":"$2a$10$JbEPsX3aHDjQe6nlTOcN4.dHoV4xofltgdI.LGohsQFOE5q8btDb2"},
{"_id":{"$oid":"5f5237a4c1beb1523fa3da62"},"firstname":"Susan","lastname":"Mast","email":"susan.mast@ymail.com","password":"$2a$10$JbEPsX3aHDjQe6nlTOcN4.dHoV4xofltgdI.LGohsQFOE5q8btDb2"},
{"_id":{"$oid":"5f5237a4c1beb1523fa3da63"},"firstname":"Leslie","lastname":"Luckhardt","email":"leslie.luckhardt@outlook.com","password":"$2a$10$JbEPsX3aHDjQe6nlTOcN4.dHoV4xofltgdI.LGohsQFOE5q8btDb2"},
{"_id":{"$oid":"5f5237a4c1beb1523fa3da64"},"firstname":"Meghan","lastname":"Mclanahan","email":"meghan.mclanahan@raviga.com","password":"$2a$10$JbEPsX3aHDjQe6nlTOcN4.dHoV4xofltgdI.LGohsQFOE5q8btDb2"},
{"_id":{"$oid":"5f5237a4c1beb1523fa3da65"},"firstname":"Frederick","lastname":"Ridgeway","email":"frederick.ridgeway@gmail.com","password":"$2a$10$JbEPsX3aHDjQe6nlTOcN4.dHoV4xofltgdI.LGohsQFOE5q8btDb2"},
{"_id":{"$oid":"5f5237a4c1beb1523fa3da66"},"firstname":"Janice","lastname":"Lloyd","email":"janice.lloyd@endframe.com","password":"$2a$10$JbEPsX3aHDjQe6nlTOcN4.dHoV4xofltgdI.LGohsQFOE5q8btDb2"},
{"_id":{"$oid":"5f5237a4c1beb1523fa3da67"},"firstname":"Alan","lastname":"Puleo","email":"alan.puleo@yahoo.com","password":"$2a$10$JbEPsX3aHDjQe6nlTOcN4.dHoV4xofltgdI.LGohsQFOE5q8btDb2"},
{"_id":{"$oid":"5f5237a4c1beb1523fa3da68"},"firstname":"Edward","lastname":"Price","email":"edward.price@piedpiper.com","password":"$2a$10$JbEPsX3aHDjQe6nlTOcN4.dHoV4xofltgdI.LGohsQFOE5q8btDb2"},
{"_id":{"$oid":"5f5237a4c1beb1523fa3da69"},"firstname":"Shawn","lastname":"Clewell","email":"shawn.clewell@endframe.com","password":"$2a$10$JbEPsX3aHDjQe6nlTOcN4.dHoV4xofltgdI.LGohsQFOE5q8btDb2"},
{"_id":{"$oid":"5f5237a4c1beb1523fa3da6a"},"firstname":"Randall","lastname":"Mayo","email":"randall.mayo@gmail.com","password":"$2a$10$JbEPsX3aHDjQe6nlTOcN4.dHoV4xofltgdI.LGohsQFOE5q8btDb2"},
{"_id":{"$oid":"5f5237a4c1beb1523fa3da6b"},"firstname":"Faye","lastname":"Haddad","email":"faye.haddad@yahoo.com","password":"$2a$10$JbEPsX3aHDjQe6nlTOcN4.dHoV4xofltgdI.LGohsQFOE5q8btDb2"},
{"_id":{"$oid":"5f5237a4c1beb1523fa3da6c"},"firstname":"Albert","lastname":"Mccaskill","email":"albert.mccaskill@yahoo.com","password":"$2a$10$JbEPsX3aHDjQe6nlTOcN4.dHoV4xofltgdI.LGohsQFOE5q8btDb2"},
{"_id":{"$oid":"5f5237a4c1beb1523fa3da6d"},"firstname":"Charles","lastname":"Carrell","email":"charles.carrell@hooli.com","password":"$2a$10$JbEPsX3aHDjQe6nlTOcN4.dHoV4xofltgdI.LGohsQFOE5q8btDb2"},
{"_id":{"$oid":"5f5237a4c1beb1523fa3da6e"},"firstname":"Cheryl","lastname":"Palmer","email":"cheryl.palmer@yahoo.com","password":"$2a$10$JbEPsX3aHDjQe6nlTOcN4.dHoV4xofltgdI.LGohsQFOE5q8btDb2"},
{"_id":{"$oid":"5f5237a4c1beb1523fa3da6f"},"firstname":"Alvin","lastname":"White","email":"alvin.white@raviga.com","password":"$2a$10$JbEPsX3aHDjQe6nlTOcN4.dHoV4xofltgdI.LGohsQFOE5q8btDb2"},
{"_id":{"$oid":"5f5237a4c1beb1523fa3da70"},"firstname":"Madison","lastname":"Moise","email":"madison.moise@raviga.com","password":"$2a$10$JbEPsX3aHDjQe6nlTOcN4.dHoV4xofltgdI.LGohsQFOE5q8btDb2"},
{"_id":{"$oid":"5f5237a4c1beb1523fa3da71"},"firstname":"James","lastname":"Looney","email":"james.looney@gmail.com","password":"$2a$10$JbEPsX3aHDjQe6nlTOcN4.dHoV4xofltgdI.LGohsQFOE5q8btDb2"},
{"_id":{"$oid":"5f5237a4c1beb1523fa3da72"},"firstname":"Frances","lastname":"Davis","email":"frances.davis@piedpiper.com","password":"$2a$10$JbEPsX3aHDjQe6nlTOcN4.dHoV4xofltgdI.LGohsQFOE5q8btDb2"},
{"_id":{"$oid":"5f5237a4c1beb1523fa3da73"},"firstname":"Elena","lastname":"Guy","email":"elena.guy@raviga.com","password":"$2a$10$JbEPsX3aHDjQe6nlTOcN4.dHoV4xofltgdI.LGohsQFOE5q8btDb2"},
{"_id":{"$oid":"5f5237a4c1beb1523fa3da74"},"firstname":"Shannon","lastname":"Farmer","email":"shannon.farmer@gmail.com","password":"$2a$10$JbEPsX3aHDjQe6nlTOcN4.dHoV4xofltgdI.LGohsQFOE5q8btDb2"},
{"_id":{"$oid":"5f5237a4c1beb1523fa3da75"},"firstname":"Christine","lastname":"Zwolinski","email":"christine.zwolinski@endframe.com","password":"$2a$10$JbEPsX3aHDjQe6nlTOcN4.dHoV4xofltgdI.LGohsQFOE5q8btDb2"},
{"_id":{"$oid":"5f5237a4c1beb1523fa3da76"},"firstname":"Melvin","lastname":"Zimmerman","email":"melvin.zimmerman@raviga.com","password":"$2a$10$JbEPsX3aHDjQe6nlTOcN4.dHoV4xofltgdI.LGohsQFOE5q8btDb2"},
{"_id":{"$oid":"5f5237a4c1beb1523fa3da77"},"firstname":"Clifton","lastname":"Daus","email":"clifton.daus@hooli.com","password":"$2a$10$JbEPsX3aHDjQe6nlTOcN4.dHoV4xofltgdI.LGohsQFOE5q8btDb2"},
{"_id":{"$oid":"5f5237a4c1beb1523fa3da78"},"firstname":"Marilyn","lastname":"Steed","email":"marilyn.steed@yahoo.com","password":"$2a$10$JbEPsX3aHDjQe6nlTOcN4.dHoV4xofltgdI.LGohsQFOE5q8btDb2"},
{"_id":{"$oid":"5f5237a4c1beb1523fa3da79"},"firstname":"Dirk","lastname":"Freeman","email":"dirk.freeman@outlook.com","password":"$2a$10$JbEPsX3aHDjQe6nlTOcN4.dHoV4xofltgdI.LGohsQFOE5q8btDb2"},
{"_id":{"$oid":"5f5237a4c1beb1523fa3da7a"},"firstname":"Dennis","lastname":"Pare","email":"dennis.pare@hooli.com","password":"$2a$10$JbEPsX3aHDjQe6nlTOcN4.dHoV4xofltgdI.LGohsQFOE5q8btDb2"},
{"_id":{"$oid":"5f5237a4c1beb1523fa3da7b"},"firstname":"Kevin","lastname":"Boyd","email":"kevin.boyd@raviga.com","password":"$2a$10$JbEPsX3aHDjQe6nlTOcN4.dHoV4xofltgdI.LGohsQFOE5q8btDb2"},
{"_id":{"$oid":"5f5237a4c1beb1523fa3da7c"},"firstname":"Sandy","lastname":"Legette","email":"sandy.legette@outlook.com","password":"$2a$10$JbEPsX3aHDjQe6nlTOcN4.dHoV4xofltgdI.LGohsQFOE5q8btDb2"},
{"_id":{"$oid":"5f5237a4c1beb1523fa3da7d"},"firstname":"Martha","lastname":"Sisson","email":"martha.sisson@gmail.com","password":"$2a$10$JbEPsX3aHDjQe6nlTOcN4.dHoV4xofltgdI.LGohsQFOE5q8btDb2"},
{"_id":{"$oid":"5f5237a4c1beb1523fa3da7e"},"firstname":"Helen","lastname":"Dillard","email":"helen.dillard@bachmanity.com","password":"$2a$10$JbEPsX3aHDjQe6nlTOcN4.dHoV4xofltgdI.LGohsQFOE5q8btDb2"},
{"_id":{"$oid":"5f5237a4c1beb1523fa3da7f"},"firstname":"Willette","lastname":"Willsey","email":"willette.willsey@bachmanity.com","password":"$2a$10$JbEPsX3aHDjQe6nlTOcN4.dHoV4xofltgdI.LGohsQFOE5q8btDb2"},
{"_id":{"$oid":"5f5237a4c1beb1523fa3da80"},"firstname":"Phillip","lastname":"Crespino","email":"phillip.crespino@endframe.com","password":"$2a$10$JbEPsX3aHDjQe6nlTOcN4.dHoV4xofltgdI.LGohsQFOE5q8btDb2"},
{"_id":{"$oid":"5f5237a4c1beb1523fa3da81"},"firstname":"Chris","lastname":"Connell","email":"chris.connell@raviga.com","password":"$2a$10$JbEPsX3aHDjQe6nlTOcN4.dHoV4xofltgdI.LGohsQFOE5q8btDb2"},
{"_id":{"$oid":"5f5237a4c1beb1523fa3da82"},"firstname":"James","lastname":"Mcmanus","email":"james.mcmanus@yahoo.com","password":"$2a$10$JbEPsX3aHDjQe6nlTOcN4.dHoV4xofltgdI.LGohsQFOE5q8btDb2"},
{"_id":{"$oid":"5f5237a4c1beb1523fa3da83"},"firstname":"Marion","lastname":"Endsley","email":"marion.endsley@piedpiper.com","password":"$2a$10$JbEPsX3aHDjQe6nlTOcN4.dHoV4xofltgdI.LGohsQFOE5q8btDb2"},
{"_id":{"$oid":"5f5237a4c1beb1523fa3da84"},"firstname":"Jean","lastname":"Blaylock","email":"jean.blaylock@yahoo.com","password":"$2a$10$JbEPsX3aHDjQe6nlTOcN4.dHoV4xofltgdI.LGohsQFOE5q8btDb2"},
{"_id":{"$oid":"5f5237a4c1beb1523fa3da85"},"firstname":"Margaret","lastname":"Zehender","email":"margaret.zehender@yahoo.com","password":"$2a$10$JbEPsX3aHDjQe6nlTOcN4.dHoV4xofltgdI.LGohsQFOE5q8btDb2"},
{"_id":{"$oid":"5f5237a4c1beb1523fa3da86"},"firstname":"Leona","lastname":"Voss","email":"leona.voss@piedpiper.com","password":"$2a$10$JbEPsX3aHDjQe6nlTOcN4.dHoV4xofltgdI.LGohsQFOE5q8btDb2"},
{"_id":{"$oid":"5f5237a4c1beb1523fa3da87"},"firstname":"Thomas","lastname":"Yoes","email":"thomas.yoes@piedpiper.com","password":"$2a$10$JbEPsX3aHDjQe6nlTOcN4.dHoV4xofltgdI.LGohsQFOE5q8btDb2"},
{"_id":{"$oid":"5f5237a4c1beb1523fa3da88"},"firstname":"Joyce","lastname":"Arnold","email":"joyce.arnold@bachmanity.com","password":"$2a$10$JbEPsX3aHDjQe6nlTOcN4.dHoV4xofltgdI.LGohsQFOE5q8btDb2"},
{"_id":{"$oid":"5f5237a4c1beb1523fa3da89"},"firstname":"Tameka","lastname":"Inouye","email":"tameka.inouye@ymail.com","password":"$2a$10$JbEPsX3aHDjQe6nlTOcN4.dHoV4xofltgdI.LGohsQFOE5q8btDb2"},
{"_id":{"$oid":"5f5237a4c1beb1523fa3da8a"},"firstname":"John","lastname":"Hollendonner","email":"john.hollendonner@yahoo.com","password":"$2a$10$JbEPsX3aHDjQe6nlTOcN4.dHoV4xofltgdI.LGohsQFOE5q8btDb2"},
{"_id":{"$oid":"5f5237a4c1beb1523fa3da8b"},"firstname":"Carolyn","lastname":"Roderick","email":"carolyn.roderick@endframe.com","password":"$2a$10$JbEPsX3aHDjQe6nlTOcN4.dHoV4xofltgdI.LGohsQFOE5q8btDb2"},
{"_id":{"$oid":"5f5237a4c1beb1523fa3da8c"},"firstname":"Susan","lastname":"Kuhn","email":"susan.kuhn@hooli.com","password":"$2a$10$JbEPsX3aHDjQe6nlTOcN4.dHoV4xofltgdI.LGohsQFOE5q8btDb2"},
{"_id":{"$oid":"5f5237a4c1beb1523fa3da8d"},"firstname":"Robert","lastname":"Hine","email":"robert.hine@piedpiper.com","password":"$2a$10$JbEPsX3aHDjQe6nlTOcN4.dHoV4xofltgdI.LGohsQFOE5q8btDb2"},
{"_id":{"$oid":"5f5237a4c1beb1523fa3da8e"},"firstname":"Joshua","lastname":"Garcia","email":"joshua.garcia@yahoo.com","password":"$2a$10$JbEPsX3aHDjQe6nlTOcN4.dHoV4xofltgdI.LGohsQFOE5q8btDb2"},
{"_id":{"$oid":"5f5237a4c1beb1523fa3da8f"},"firstname":"Catherine","lastname":"White","email":"catherine.white@outlook.com","password":"$2a$10$JbEPsX3aHDjQe6nlTOcN4.dHoV4xofltgdI.LGohsQFOE5q8btDb2"},
{"_id":{"$oid":"5f5237a4c1beb1523fa3da90"},"firstname":"John","lastname":"Williams","email":"john.williams@yahoo.com","password":"$2a$10$JbEPsX3aHDjQe6nlTOcN4.dHoV4xofltgdI.LGohsQFOE5q8btDb2"},
{"_id":{"$oid":"5f5237a4c1beb1523fa3da91"},"firstname":"Michelle","lastname":"Bussey","email":"michelle.bussey@piedpiper.com","password":"$2a$10$JbEPsX3aHDjQe6nlTOcN4.dHoV4xofltgdI.LGohsQFOE5q8btDb2"},
{"_id":{"$oid":"5f5237a4c1beb1523fa3da92"},"firstname":"Floy","lastname":"Sproule","email":"floy.sproule@bachmanity.com","password":"$2a$10$JbEPsX3aHDjQe6nlTOcN4.dHoV4xofltgdI.LGohsQFOE5q8btDb2"},
{"_id":{"$oid":"5f5237a4c1beb1523fa3da93"},"firstname":"Paul","lastname":"Mendoza","email":"paul.mendoza@bachmanity.com","password":"$2a$10$JbEPsX3aHDjQe6nlTOcN4.dHoV4xofltgdI.LGohsQFOE5q8btDb2"},
{"_id":{"$oid":"5f5237a4c1beb1523fa3da94"},"firstname":"Daniel","lastname":"Pender","email":"daniel.pender@endframe.com","password":"$2a$10$JbEPsX3aHDjQe6nlTOcN4.dHoV4xofltgdI.LGohsQFOE5q8btDb2"},
{"_id":{"$oid":"5f5237a4c1beb1523fa3da95"},"firstname":"Martha","lastname":"Maner","email":"martha.maner@bachmanity.com","password":"$2a$10$JbEPsX3aHDjQe6nlTOcN4.dHoV4xofltgdI.LGohsQFOE5q8btDb2"},
{"_id":{"$oid":"5f5237a4c1beb1523fa3da96"},"firstname":"Cathy","lastname":"Johnson","email":"cathy.johnson@outlook.com","password":"$2a$10$JbEPsX3aHDjQe6nlTOcN4.dHoV4xofltgdI.LGohsQFOE5q8btDb2"},
{"_id":{"$oid":"5f5237a4c1beb1523fa3da97"},"firstname":"Fanny","lastname":"Thill","email":"fanny.thill@piedpiper.com","password":"$2a$10$JbEPsX3aHDjQe6nlTOcN4.dHoV4xofltgdI.LGohsQFOE5q8btDb2"},
{"_id":{"$oid":"5f5237a4c1beb1523fa3da98"},"firstname":"Shannon","lastname":"Raley","email":"shannon.raley@piedpiper.com","password":"$2a$10$JbEPsX3aHDjQe6nlTOcN4.dHoV4xofltgdI.LGohsQFOE5q8btDb2"},
{"_id":{"$oid":"5f5237a4c1beb1523fa3da99"},"firstname":"Susan","lastname":"Martinez","email":"susan.martinez@piedpiper.com","password":"$2a$10$JbEPsX3aHDjQe6nlTOcN4.dHoV4xofltgdI.LGohsQFOE5q8btDb2"},
{"_id":{"$oid":"5f5237a4c1beb1523fa3da9a"},"firstname":"Raymond","lastname":"Alvarez","email":"raymond.alvarez@raviga.com","password":"$2a$10$JbEPsX3aHDjQe6nlTOcN4.dHoV4xofltgdI.LGohsQFOE5q8btDb2"},
{"_id":{"$oid":"5f5237a4c1beb1523fa3da9b"},"firstname":"Jolene","lastname":"Rust","email":"jolene.rust@yahoo.com","password":"$2a$10$JbEPsX3aHDjQe6nlTOcN4.dHoV4xofltgdI.LGohsQFOE5q8btDb2"},
{"_id":{"$oid":"5f5237a4c1beb1523fa3da9c"},"firstname":"Frank","lastname":"Saine","email":"frank.saine@gmail.com","password":"$2a$10$JbEPsX3aHDjQe6nlTOcN4.dHoV4xofltgdI.LGohsQFOE5q8btDb2"},
{"_id":{"$oid":"5f5237a4c1beb1523fa3da9d"},"firstname":"Harvey","lastname":"Eastman","email":"harvey.eastman@yahoo.com","password":"$2a$10$JbEPsX3aHDjQe6nlTOcN4.dHoV4xofltgdI.LGohsQFOE5q8btDb2"},
{"_id":{"$oid":"5f5237a4c1beb1523fa3da9e"},"firstname":"Corey","lastname":"Sanchez","email":"corey.sanchez@ymail.com","password":"$2a$10$JbEPsX3aHDjQe6nlTOcN4.dHoV4xofltgdI.LGohsQFOE5q8btDb2"},
{"_id":{"$oid":"5f5237a4c1beb1523fa3da9f"},"firstname":"Mary","lastname":"Welch","email":"mary.welch@yahoo.com","password":"$2a$10$JbEPsX3aHDjQe6nlTOcN4.dHoV4xofltgdI.LGohsQFOE5q8btDb2"},
{"_id":{"$oid":"5f5237a4c1beb1523fa3daa0"},"firstname":"Marcos","lastname":"Kent","email":"marcos.kent@outlook.com","password":"$2a$10$JbEPsX3aHDjQe6nlTOcN4.dHoV4xofltgdI.LGohsQFOE5q8btDb2"},
{"_id":{"$oid":"5f5237a4c1beb1523fa3daa1"},"firstname":"Kurt","lastname":"Kash","email":"kurt.kash@hooli.com","password":"$2a$10$JbEPsX3aHDjQe6nlTOcN4.dHoV4xofltgdI.LGohsQFOE5q8btDb2"},
{"_id":{"$oid":"5f5237a4c1beb1523fa3daa2"},"firstname":"Mitchell","lastname":"Boose","email":"mitchell.boose@piedpiper.com","password":"$2a$10$JbEPsX3aHDjQe6nlTOcN4.dHoV4xofltgdI.LGohsQFOE5q8btDb2"},
{"_id":{"$oid":"5f5237a4c1beb1523fa3daa3"},"firstname":"David","lastname":"Carroll","email":"david.carroll@gmail.com","password":"$2a$10$JbEPsX3aHDjQe6nlTOcN4.dHoV4xofltgdI.LGohsQFOE5q8btDb2"},
{"_id":{"$oid":"5f5237a4c1beb1523fa3daa4"},"firstname":"Ricardo","lastname":"Crook","email":"ricardo.crook@piedpiper.com","password":"$2a$10$JbEPsX3aHDjQe6nlTOcN4.dHoV4xofltgdI.LGohsQFOE5q8btDb2"},
{"_id":{"$oid":"5f5237a4c1beb1523fa3daa5"},"firstname":"Terry","lastname":"Young","email":"terry.young@ymail.com","password":"$2a$10$JbEPsX3aHDjQe6nlTOcN4.dHoV4xofltgdI.LGohsQFOE5q8btDb2"},
{"_id":{"$oid":"5f5237a4c1beb1523fa3daa6"},"firstname":"Robert","lastname":"Campbell","email":"robert.campbell@outlook.com","password":"$2a$10$JbEPsX3aHDjQe6nlTOcN4.dHoV4xofltgdI.LGohsQFOE5q8btDb2"},
{"_id":{"$oid":"5f5237a4c1beb1523fa3daa7"},"firstname":"Harold","lastname":"Flint","email":"harold.flint@raviga.com","password":"$2a$10$JbEPsX3aHDjQe6nlTOcN4.dHoV4xofltgdI.LGohsQFOE5q8btDb2"},
{"_id":{"$oid":"5f5237a4c1beb1523fa3daa8"},"firstname":"Cristen","lastname":"Burton","email":"cristen.burton@outlook.com","password":"$2a$10$JbEPsX3aHDjQe6nlTOcN4.dHoV4xofltgdI.LGohsQFOE5q8btDb2"},
{"_id":{"$oid":"5f5237a4c1beb1523fa3daa9"},"firstname":"Beatrice","lastname":"Vasquez","email":"beatrice.vasquez@endframe.com","password":"$2a$10$JbEPsX3aHDjQe6nlTOcN4.dHoV4xofltgdI.LGohsQFOE5q8btDb2"},
{"_id":{"$oid":"5f5237a4c1beb1523fa3daaa"},"firstname":"Pattie","lastname":"Hill","email":"pattie.hill@gmail.com","password":"$2a$10$JbEPsX3aHDjQe6nlTOcN4.dHoV4xofltgdI.LGohsQFOE5q8btDb2"},
{"_id":{"$oid":"5f5237a4c1beb1523fa3daab"},"firstname":"Alphonso","lastname":"Mullins","email":"alphonso.mullins@endframe.com","password":"$2a$10$JbEPsX3aHDjQe6nlTOcN4.dHoV4xofltgdI.LGohsQFOE5q8btDb2"},
{"_id":{"$oid":"5f5237a4c1beb1523fa3daac"},"firstname":"Anthony","lastname":"Tomlinson","email":"anthony.tomlinson@yahoo.com","password":"$2a$10$JbEPsX3aHDjQe6nlTOcN4.dHoV4xofltgdI.LGohsQFOE5q8btDb2"},
{"_id":{"$oid":"5f5237a4c1beb1523fa3daad"},"firstname":"James","lastname":"Frost","email":"james.frost@ymail.com","password":"$2a$10$JbEPsX3aHDjQe6nlTOcN4.dHoV4xofltgdI.LGohsQFOE5q8btDb2"},
{"_id":{"$oid":"5f5237a4c1beb1523fa3daae"},"firstname":"Jodi","lastname":"Verhoeven","email":"jodi.verhoeven@hooli.com","password":"$2a$10$JbEPsX3aHDjQe6nlTOcN4.dHoV4xofltgdI.LGohsQFOE5q8btDb2"},
{"_id":{"$oid":"5f5237a4c1beb1523fa3daaf"},"firstname":"Dana","lastname":"Abbott","email":"dana.abbott@hooli.com","password":"$2a$10$JbEPsX3aHDjQe6nlTOcN4.dHoV4xofltgdI.LGohsQFOE5q8btDb2"},
{"_id":{"$oid":"5f5237a4c1beb1523fa3dab0"},"firstname":"James","lastname":"Tuggle","email":"james.tuggle@endframe.com","password":"$2a$10$JbEPsX3aHDjQe6nlTOcN4.dHoV4xofltgdI.LGohsQFOE5q8btDb2"},
{"_id":{"$oid":"5f5237a4c1beb1523fa3dab1"},"firstname":"Karen","lastname":"Ireland","email":"karen.ireland@gmail.com","password":"$2a$10$JbEPsX3aHDjQe6nlTOcN4.dHoV4xofltgdI.LGohsQFOE5q8btDb2"},
{"_id":{"$oid":"5f5237a4c1beb1523fa3dab2"},"firstname":"Dennis","lastname":"Hier","email":"dennis.hier@endframe.com","password":"$2a$10$JbEPsX3aHDjQe6nlTOcN4.dHoV4xofltgdI.LGohsQFOE5q8btDb2"},
{"_id":{"$oid":"5f5237a4c1beb1523fa3dab3"},"firstname":"Henry","lastname":"Sweeney","email":"henry.sweeney@endframe.com","password":"$2a$10$JbEPsX3aHDjQe6nlTOcN4.dHoV4xofltgdI.LGohsQFOE5q8btDb2"},
{"_id":{"$oid":"5f5237a4c1beb1523fa3dab4"},"firstname":"Magdalena","lastname":"Zacarias","email":"magdalena.zacarias@hooli.com","password":"$2a$10$JbEPsX3aHDjQe6nlTOcN4.dHoV4xofltgdI.LGohsQFOE5q8btDb2"},
{"_id":{"$oid":"5f5237a4c1beb1523fa3dab5"},"firstname":"April","lastname":"Adams","email":"april.adams@raviga.com","password":"$2a$10$JbEPsX3aHDjQe6nlTOcN4.dHoV4xofltgdI.LGohsQFOE5q8btDb2"},
{"_id":{"$oid":"5f5237a4c1beb1523fa3dab6"},"firstname":"Angela","lastname":"Oliver","email":"angela.oliver@raviga.com","password":"$2a$10$JbEPsX3aHDjQe6nlTOcN4.dHoV4xofltgdI.LGohsQFOE5q8btDb2"},
{"_id":{"$oid":"5f5237a4c1beb1523fa3dab7"},"firstname":"David","lastname":"Stewart","email":"david.stewart@outlook.com","password":"$2a$10$JbEPsX3aHDjQe6nlTOcN4.dHoV4xofltgdI.LGohsQFOE5q8btDb2"},
{"_id":{"$oid":"5f5237a4c1beb1523fa3dab8"},"firstname":"Roy","lastname":"Allen","email":"roy.allen@ymail.com","password":"$2a$10$JbEPsX3aHDjQe6nlTOcN4.dHoV4xofltgdI.LGohsQFOE5q8btDb2"},
{"_id":{"$oid":"5f5237a4c1beb1523fa3dab9"},"firstname":"Eric","lastname":"Radtke","email":"eric.radtke@raviga.com","password":"$2a$10$JbEPsX3aHDjQe6nlTOcN4.dHoV4xofltgdI.LGohsQFOE5q8btDb2"},
{"_id":{"$oid":"5f5237a4c1beb1523fa3daba"},"firstname":"William","lastname":"Foutch","email":"william.foutch@hooli.com","password":"$2a$10$JbEPsX3aHDjQe6nlTOcN4.dHoV4xofltgdI.LGohsQFOE5q8btDb2"},
{"_id":{"$oid":"5f5237a4c1beb1523fa3dabb"},"firstname":"Michael","lastname":"Bradley","email":"michael.bradley@gmail.com","password":"$2a$10$JbEPsX3aHDjQe6nlTOcN4.dHoV4xofltgdI.LGohsQFOE5q8btDb2"},
{"_id":{"$oid":"5f5237a4c1beb1523fa3dabc"},"firstname":"Nathaniel","lastname":"Wun","email":"nathaniel.wun@raviga.com","password":"$2a$10$JbEPsX3aHDjQe6nlTOcN4.dHoV4xofltgdI.LGohsQFOE5q8btDb2"},
{"_id":{"$oid":"5f5237a4c1beb1523fa3dabd"},"firstname":"Jennifer","lastname":"Hogue","email":"jennifer.hogue@endframe.com","password":"$2a$10$JbEPsX3aHDjQe6nlTOcN4.dHoV4xofltgdI.LGohsQFOE5q8btDb2"},
{"_id":{"$oid":"5f5237a4c1beb1523fa3dabe"},"firstname":"Betty","lastname":"Chandler","email":"betty.chandler@endframe.com","password":"$2a$10$JbEPsX3aHDjQe6nlTOcN4.dHoV4xofltgdI.LGohsQFOE5q8btDb2"},
{"_id":{"$oid":"5f5237a4c1beb1523fa3dabf"},"firstname":"Marilyn","lastname":"Cambell","email":"marilyn.cambell@hooli.com","password":"$2a$10$JbEPsX3aHDjQe6nlTOcN4.dHoV4xofltgdI.LGohsQFOE5q8btDb2"},
{"_id":{"$oid":"5f5237a4c1beb1523fa3dac0"},"firstname":"Martin","lastname":"Devlin","email":"martin.devlin@bachmanity.com","password":"$2a$10$JbEPsX3aHDjQe6nlTOcN4.dHoV4xofltgdI.LGohsQFOE5q8btDb2"},
{"_id":{"$oid":"5f5237a4c1beb1523fa3dac1"},"firstname":"Clifford","lastname":"Goad","email":"clifford.goad@bachmanity.com","password":"$2a$10$JbEPsX3aHDjQe6nlTOcN4.dHoV4xofltgdI.LGohsQFOE5q8btDb2"},
{"_id":{"$oid":"5f5237a4c1beb1523fa3dac2"},"firstname":"Frank","lastname":"Johnson","email":"frank.johnson@hooli.com","password":"$2a$10$JbEPsX3aHDjQe6nlTOcN4.dHoV4xofltgdI.LGohsQFOE5q8btDb2"},
{"_id":{"$oid":"5f5237a4c1beb1523fa3dac3"},"firstname":"Sandra","lastname":"Vincent","email":"sandra.vincent@endframe.com","password":"$2a$10$JbEPsX3aHDjQe6nlTOcN4.dHoV4xofltgdI.LGohsQFOE5q8btDb2"},
{"_id":{"$oid":"5f5237a4c1beb1523fa3dac4"},"firstname":"Shirley","lastname":"Cook","email":"shirley.cook@yahoo.com","password":"$2a$10$JbEPsX3aHDjQe6nlTOcN4.dHoV4xofltgdI.LGohsQFOE5q8btDb2"},
{"_id":{"$oid":"5f5237a4c1beb1523fa3dac5"},"firstname":"Jose","lastname":"Bradford","email":"jose.bradford@bachmanity.com","password":"$2a$10$JbEPsX3aHDjQe6nlTOcN4.dHoV4xofltgdI.LGohsQFOE5q8btDb2"},
{"_id":{"$oid":"5f5237a4c1beb1523fa3dac6"},"firstname":"Victoria","lastname":"Vicario","email":"victoria.vicario@bachmanity.com","password":"$2a$10$JbEPsX3aHDjQe6nlTOcN4.dHoV4xofltgdI.LGohsQFOE5q8btDb2"},
{"_id":{"$oid":"5f5237a4c1beb1523fa3dac7"},"firstname":"Travis","lastname":"Mccarty","email":"travis.mccarty@gmail.com","password":"$2a$10$JbEPsX3aHDjQe6nlTOcN4.dHoV4xofltgdI.LGohsQFOE5q8btDb2"},
{"_id":{"$oid":"5f5237a4c1beb1523fa3dac8"},"firstname":"Cornelius","lastname":"Ruzich","email":"cornelius.ruzich@bachmanity.com","password":"$2a$10$JbEPsX3aHDjQe6nlTOcN4.dHoV4xofltgdI.LGohsQFOE5q8btDb2"},
{"_id":{"$oid":"5f5237a4c1beb1523fa3dac9"},"firstname":"Benjamin","lastname":"Wilcox","email":"benjamin.wilcox@ymail.com","password":"$2a$10$JbEPsX3aHDjQe6nlTOcN4.dHoV4xofltgdI.LGohsQFOE5q8btDb2"},
{"_id":{"$oid":"5f5237a4c1beb1523fa3daca"},"firstname":"Angelic","lastname":"Sanders","email":"angelic.sanders@ymail.com","password":"$2a$10$JbEPsX3aHDjQe6nlTOcN4.dHoV4xofltgdI.LGohsQFOE5q8btDb2"},
{"_id":{"$oid":"5f5237a4c1beb1523fa3dacb"},"firstname":"Laurence","lastname":"Ealy","email":"laurence.ealy@outlook.com","password":"$2a$10$JbEPsX3aHDjQe6nlTOcN4.dHoV4xofltgdI.LGohsQFOE5q8btDb2"},
{"_id":{"$oid":"5f5237a4c1beb1523fa3dacc"},"firstname":"Alvin","lastname":"Gonzales","email":"alvin.gonzales@hooli.com","password":"$2a$10$JbEPsX3aHDjQe6nlTOcN4.dHoV4xofltgdI.LGohsQFOE5q8btDb2"},
{"_id":{"$oid":"5f5237a4c1beb1523fa3dacd"},"firstname":"Lauren","lastname":"Villarreal","email":"lauren.villarreal@yahoo.com","password":"$2a$10$JbEPsX3aHDjQe6nlTOcN4.dHoV4xofltgdI.LGohsQFOE5q8btDb2"},
{"_id":{"$oid":"5f5237a4c1beb1523fa3dace"},"firstname":"Elbert","lastname":"Thomas","email":"elbert.thomas@endframe.com","password":"$2a$10$JbEPsX3aHDjQe6nlTOcN4.dHoV4xofltgdI.LGohsQFOE5q8btDb2"},
{"_id":{"$oid":"5f5237a4c1beb1523fa3dacf"},"firstname":"Vernell","lastname":"Long","email":"vernell.long@endframe.com","password":"$2a$10$JbEPsX3aHDjQe6nlTOcN4.dHoV4xofltgdI.LGohsQFOE5q8btDb2"},
{"_id":{"$oid":"5f5237a4c1beb1523fa3dad0"},"firstname":"Felicia","lastname":"Buckman","email":"felicia.buckman@ymail.com","password":"$2a$10$JbEPsX3aHDjQe6nlTOcN4.dHoV4xofltgdI.LGohsQFOE5q8btDb2"},
{"_id":{"$oid":"5f5237a4c1beb1523fa3dad1"},"firstname":"Derek","lastname":"Mcdonald","email":"derek.mcdonald@bachmanity.com","password":"$2a$10$JbEPsX3aHDjQe6nlTOcN4.dHoV4xofltgdI.LGohsQFOE5q8btDb2"},
{"_id":{"$oid":"5f5237a4c1beb1523fa3dad2"},"firstname":"Betty","lastname":"Everett","email":"betty.everett@hooli.com","password":"$2a$10$JbEPsX3aHDjQe6nlTOcN4.dHoV4xofltgdI.LGohsQFOE5q8btDb2"},
{"_id":{"$oid":"5f5237a4c1beb1523fa3dad3"},"firstname":"Frank","lastname":"Biddle","email":"frank.biddle@outlook.com","password":"$2a$10$JbEPsX3aHDjQe6nlTOcN4.dHoV4xofltgdI.LGohsQFOE5q8btDb2"},
{"_id":{"$oid":"5f5237a4c1beb1523fa3dad4"},"firstname":"Andrew","lastname":"Bills","email":"andrew.bills@hooli.com","password":"$2a$10$JbEPsX3aHDjQe6nlTOcN4.dHoV4xofltgdI.LGohsQFOE5q8btDb2"},
{"_id":{"$oid":"5f5237a4c1beb1523fa3dad5"},"firstname":"Dean","lastname":"Colon","email":"dean.colon@gmail.com","password":"$2a$10$JbEPsX3aHDjQe6nlTOcN4.dHoV4xofltgdI.LGohsQFOE5q8btDb2"},
{"_id":{"$oid":"5f5237a4c1beb1523fa3dad6"},"firstname":"Pearl","lastname":"Patton","email":"pearl.patton@yahoo.com","password":"$2a$10$JbEPsX3aHDjQe6nlTOcN4.dHoV4xofltgdI.LGohsQFOE5q8btDb2"},
{"_id":{"$oid":"5f5237a4c1beb1523fa3dad7"},"firstname":"Edna","lastname":"Killeen","email":"edna.killeen@gmail.com","password":"$2a$10$JbEPsX3aHDjQe6nlTOcN4.dHoV4xofltgdI.LGohsQFOE5q8btDb2"},
{"_id":{"$oid":"5f5237a4c1beb1523fa3dad8"},"firstname":"Juan","lastname":"Traughber","email":"juan.traughber@raviga.com","password":"$2a$10$JbEPsX3aHDjQe6nlTOcN4.dHoV4xofltgdI.LGohsQFOE5q8btDb2"},
{"_id":{"$oid":"5f5237a4c1beb1523fa3dad9"},"firstname":"James","lastname":"Hogan","email":"james.hogan@piedpiper.com","password":"$2a$10$JbEPsX3aHDjQe6nlTOcN4.dHoV4xofltgdI.LGohsQFOE5q8btDb2"},
{"_id":{"$oid":"5f5237a4c1beb1523fa3dada"},"firstname":"Thomas","lastname":"Carriaga","email":"thomas.carriaga@hooli.com","password":"$2a$10$JbEPsX3aHDjQe6nlTOcN4.dHoV4xofltgdI.LGohsQFOE5q8btDb2"},
{"_id":{"$oid":"5f5237a4c1beb1523fa3dadb"},"firstname":"Karen","lastname":"Boyd","email":"karen.boyd@piedpiper.com","password":"$2a$10$JbEPsX3aHDjQe6nlTOcN4.dHoV4xofltgdI.LGohsQFOE5q8btDb2"},
{"_id":{"$oid":"5f5237a4c1beb1523fa3dadc"},"firstname":"Charlotte","lastname":"Roberts","email":"charlotte.roberts@gmail.com","password":"$2a$10$JbEPsX3aHDjQe6nlTOcN4.dHoV4xofltgdI.LGohsQFOE5q8btDb2"},
{"_id":{"$oid":"5f5237a4c1beb1523fa3dadd"},"firstname":"Jessie","lastname":"Butler","email":"jessie.butler@outlook.com","password":"$2a$10$JbEPsX3aHDjQe6nlTOcN4.dHoV4xofltgdI.LGohsQFOE5q8btDb2"},
{"_id":{"$oid":"5f5237a4c1beb1523fa3dade"},"firstname":"Gayle","lastname":"Williams","email":"gayle.williams@hooli.com","password":"$2a$10$JbEPsX3aHDjQe6nlTOcN4.dHoV4xofltgdI.LGohsQFOE5q8btDb2"},
{"_id":{"$oid":"5f5237a4c1beb1523fa3dadf"},"firstname":"Evangeline","lastname":"Ware","email":"evangeline.ware@hooli.com","password":"$2a$10$JbEPsX3aHDjQe6nlTOcN4.dHoV4xofltgdI.LGohsQFOE5q8btDb2"},
{"_id":{"$oid":"5f5237a4c1beb1523fa3dae0"},"firstname":"Monty","lastname":"Malone","email":"monty.malone@piedpiper.com","password":"$2a$10$JbEPsX3aHDjQe6nlTOcN4.dHoV4xofltgdI.LGohsQFOE5q8btDb2"},
{"_id":{"$oid":"5f5237a4c1beb1523fa3dae1"},"firstname":"Chris","lastname":"Campbell","email":"chris.campbell@hooli.com","password":"$2a$10$JbEPsX3aHDjQe6nlTOcN4.dHoV4xofltgdI.LGohsQFOE5q8btDb2"},
{"_id":{"$oid":"5f5237a4c1beb1523fa3dae2"},"firstname":"Barbara","lastname":"Wittkop","email":"barbara.wittkop@hooli.com","password":"$2a$10$JbEPsX3aHDjQe6nlTOcN4.dHoV4xofltgdI.LGohsQFOE5q8btDb2"},
{"_id":{"$oid":"5f5237a4c1beb1523fa3dae3"},"firstname":"Scott","lastname":"Yoho","email":"scott.yoho@gmail.com","password":"$2a$10$JbEPsX3aHDjQe6nlTOcN4.dHoV4xofltgdI.LGohsQFOE5q8btDb2"},
{"_id":{"$oid":"5f5237a4c1beb1523fa3dae4"},"firstname":"Melissa","lastname":"Nelson","email":"melissa.nelson@gmail.com","password":"$2a$10$JbEPsX3aHDjQe6nlTOcN4.dHoV4xofltgdI.LGohsQFOE5q8btDb2"},
{"_id":{"$oid":"5f5237a4c1beb1523fa3dae5"},"firstname":"Mildred","lastname":"Green","email":"mildred.green@hooli.com","password":"$2a$10$JbEPsX3aHDjQe6nlTOcN4.dHoV4xofltgdI.LGohsQFOE5q8btDb2"},
{"_id":{"$oid":"5f5237a4c1beb1523fa3dae6"},"firstname":"Randy","lastname":"Hernandez","email":"randy.hernandez@gmail.com","password":"$2a$10$JbEPsX3aHDjQe6nlTOcN4.dHoV4xofltgdI.LGohsQFOE5q8btDb2"},
{"_id":{"$oid":"5f5237a4c1beb1523fa3dae7"},"firstname":"Danny","lastname":"Randall","email":"danny.randall@yahoo.com","password":"$2a$10$JbEPsX3aHDjQe6nlTOcN4.dHoV4xofltgdI.LGohsQFOE5q8btDb2"},
{"_id":{"$oid":"5f5237a4c1beb1523fa3dae8"},"firstname":"Kim","lastname":"Singleton","email":"kim.singleton@outlook.com","password":"$2a$10$JbEPsX3aHDjQe6nlTOcN4.dHoV4xofltgdI.LGohsQFOE5q8btDb2"},
{"_id":{"$oid":"5f5237a4c1beb1523fa3dae9"},"firstname":"June","lastname":"Blevins","email":"june.blevins@outlook.com","password":"$2a$10$JbEPsX3aHDjQe6nlTOcN4.dHoV4xofltgdI.LGohsQFOE5q8btDb2"},
{"_id":{"$oid":"5f5237a4c1beb1523fa3daea"},"firstname":"Alexander","lastname":"Wilson","email":"alexander.wilson@ymail.com","password":"$2a$10$JbEPsX3aHDjQe6nlTOcN4.dHoV4xofltgdI.LGohsQFOE5q8btDb2"},
{"_id":{"$oid":"5f5237a4c1beb1523fa3daeb"},"firstname":"Dominic","lastname":"Altman","email":"dominic.altman@hooli.com","password":"$2a$10$JbEPsX3aHDjQe6nlTOcN4.dHoV4xofltgdI.LGohsQFOE5q8btDb2"},
{"_id":{"$oid":"5f5237a4c1beb1523fa3daec"},"firstname":"Elizabeth","lastname":"Norwood","email":"elizabeth.norwood@raviga.com","password":"$2a$10$JbEPsX3aHDjQe6nlTOcN4.dHoV4xofltgdI.LGohsQFOE5q8btDb2"},
{"_id":{"$oid":"5f5237a4c1beb1523fa3daed"},"firstname":"Chris","lastname":"Miller","email":"chris.miller@outlook.com","password":"$2a$10$JbEPsX3aHDjQe6nlTOcN4.dHoV4xofltgdI.LGohsQFOE5q8btDb2"},
{"_id":{"$oid":"5f5237a4c1beb1523fa3daee"},"firstname":"Janice","lastname":"Graham","email":"janice.graham@outlook.com","password":"$2a$10$JbEPsX3aHDjQe6nlTOcN4.dHoV4xofltgdI.LGohsQFOE5q8btDb2"},
{"_id":{"$oid":"5f5237a4c1beb1523fa3daef"},"firstname":"Steven","lastname":"Lee","email":"steven.lee@piedpiper.com","password":"$2a$10$JbEPsX3aHDjQe6nlTOcN4.dHoV4xofltgdI.LGohsQFOE5q8btDb2"},
{"_id":{"$oid":"5f5237a4c1beb1523fa3daf0"},"firstname":"Christopher","lastname":"Gordon","email":"christopher.gordon@raviga.com","password":"$2a$10$JbEPsX3aHDjQe6nlTOcN4.dHoV4xofltgdI.LGohsQFOE5q8btDb2"},
{"_id":{"$oid":"5f5237a4c1beb1523fa3daf1"},"firstname":"Veronica","lastname":"Hopkins","email":"veronica.hopkins@gmail.com","password":"$2a$10$JbEPsX3aHDjQe6nlTOcN4.dHoV4xofltgdI.LGohsQFOE5q8btDb2"},
{"_id":{"$oid":"5f5237a4c1beb1523fa3daf2"},"firstname":"Anthony","lastname":"Oliver","email":"anthony.oliver@piedpiper.com","password":"$2a$10$JbEPsX3aHDjQe6nlTOcN4.dHoV4xofltgdI.LGohsQFOE5q8btDb2"},
{"_id":{"$oid":"5f5237a4c1beb1523fa3daf3"},"firstname":"Timothy","lastname":"Gonzalez","email":"timothy.gonzalez@raviga.com","password":"$2a$10$JbEPsX3aHDjQe6nlTOcN4.dHoV4xofltgdI.LGohsQFOE5q8btDb2"},
{"_id":{"$oid":"5f5237a4c1beb1523fa3daf4"},"firstname":"Kathy","lastname":"Schaffert","email":"kathy.schaffert@yahoo.com","password":"$2a$10$JbEPsX3aHDjQe6nlTOcN4.dHoV4xofltgdI.LGohsQFOE5q8btDb2"},
{"_id":{"$oid":"5f5237a4c1beb1523fa3daf5"},"firstname":"Miriam","lastname":"Walker","email":"miriam.walker@gmail.com","password":"$2a$10$JbEPsX3aHDjQe6nlTOcN4.dHoV4xofltgdI.LGohsQFOE5q8btDb2"},
{"_id":{"$oid":"5f5237a4c1beb1523fa3daf6"},"firstname":"James","lastname":"Hachey","email":"james.hachey@outlook.com","password":"$2a$10$JbEPsX3aHDjQe6nlTOcN4.dHoV4xofltgdI.LGohsQFOE5q8btDb2"},
{"_id":{"$oid":"5f5237a4c1beb1523fa3daf7"},"firstname":"Bianca","lastname":"Cain","email":"bianca.cain@outlook.com","password":"$2a$10$JbEPsX3aHDjQe6nlTOcN4.dHoV4xofltgdI.LGohsQFOE5q8btDb2"},
{"_id":{"$oid":"5f5237a4c1beb1523fa3daf8"},"firstname":"Miriam","lastname":"Sanders","email":"miriam.sanders@bachmanity.com","password":"$2a$10$JbEPsX3aHDjQe6nlTOcN4.dHoV4xofltgdI.LGohsQFOE5q8btDb2"},
{"_id":{"$oid":"5f5237a4c1beb1523fa3daf9"},"firstname":"Lloyd","lastname":"Jackson","email":"lloyd.jackson@raviga.com","password":"$2a$10$JbEPsX3aHDjQe6nlTOcN4.dHoV4xofltgdI.LGohsQFOE5q8btDb2"},
{"_id":{"$oid":"5f5237a4c1beb1523fa3dafa"},"firstname":"Jacob","lastname":"Todd","email":"jacob.todd@piedpiper.com","password":"$2a$10$JbEPsX3aHDjQe6nlTOcN4.dHoV4xofltgdI.LGohsQFOE5q8btDb2"},
{"_id":{"$oid":"5f5237a4c1beb1523fa3dafb"},"firstname":"Hilario","lastname":"Adams","email":"hilario.adams@piedpiper.com","password":"$2a$10$JbEPsX3aHDjQe6nlTOcN4.dHoV4xofltgdI.LGohsQFOE5q8btDb2"},
{"_id":{"$oid":"5f5237a4c1beb1523fa3dafc"},"firstname":"Robert","lastname":"Burton","email":"robert.burton@hooli.com","password":"$2a$10$JbEPsX3aHDjQe6nlTOcN4.dHoV4xofltgdI.LGohsQFOE5q8btDb2"},
{"_id":{"$oid":"5f5237a4c1beb1523fa3dafd"},"firstname":"Jeff","lastname":"Radtke","email":"jeff.radtke@yahoo.com","password":"$2a$10$JbEPsX3aHDjQe6nlTOcN4.dHoV4xofltgdI.LGohsQFOE5q8btDb2"},
{"_id":{"$oid":"5f5237a4c1beb1523fa3dafe"},"firstname":"Kerri","lastname":"Smith","email":"kerri.smith@ymail.com","password":"$2a$10$JbEPsX3aHDjQe6nlTOcN4.dHoV4xofltgdI.LGohsQFOE5q8btDb2"},
{"_id":{"$oid":"5f5237a4c1beb1523fa3daff"},"firstname":"Joel","lastname":"Lippert","email":"joel.lippert@hooli.com","password":"$2a$10$JbEPsX3aHDjQe6nlTOcN4.dHoV4xofltgdI.LGohsQFOE5q8btDb2"},
{"_id":{"$oid":"5f5237a4c1beb1523fa3db00"},"firstname":"Ellen","lastname":"Mcclurg","email":"ellen.mcclurg@bachmanity.com","password":"$2a$10$JbEPsX3aHDjQe6nlTOcN4.dHoV4xofltgdI.LGohsQFOE5q8btDb2"},
{"_id":{"$oid":"5f5237a4c1beb1523fa3db01"},"firstname":"Joseph","lastname":"Hersey","email":"joseph.hersey@endframe.com","password":"$2a$10$JbEPsX3aHDjQe6nlTOcN4.dHoV4xofltgdI.LGohsQFOE5q8btDb2"},
{"_id":{"$oid":"5f5237a4c1beb1523fa3db02"},"firstname":"Janet","lastname":"Wallace","email":"janet.wallace@outlook.com","password":"$2a$10$JbEPsX3aHDjQe6nlTOcN4.dHoV4xofltgdI.LGohsQFOE5q8btDb2"},
{"_id":{"$oid":"5f5237a4c1beb1523fa3db03"},"firstname":"Mary","lastname":"Stubblefield","email":"mary.stubblefield@ymail.com","password":"$2a$10$JbEPsX3aHDjQe6nlTOcN4.dHoV4xofltgdI.LGohsQFOE5q8btDb2"},
{"_id":{"$oid":"5f5237a4c1beb1523fa3db04"},"firstname":"Mary","lastname":"Roth","email":"mary.roth@endframe.com","password":"$2a$10$JbEPsX3aHDjQe6nlTOcN4.dHoV4xofltgdI.LGohsQFOE5q8btDb2"},
{"_id":{"$oid":"5f5237a4c1beb1523fa3db05"},"firstname":"Andrew","lastname":"Darring","email":"andrew.darring@gmail.com","password":"$2a$10$JbEPsX3aHDjQe6nlTOcN4.dHoV4xofltgdI.LGohsQFOE5q8btDb2"},
{"_id":{"$oid":"5f5237a4c1beb1523fa3db06"},"firstname":"James","lastname":"Lowman","email":"james.lowman@raviga.com","password":"$2a$10$JbEPsX3aHDjQe6nlTOcN4.dHoV4xofltgdI.LGohsQFOE5q8btDb2"},
{"_id":{"$oid":"5f5237a4c1beb1523fa3db07"},"firstname":"Theodore","lastname":"Majeski","email":"theodore.majeski@endframe.com","password":"$2a$10$JbEPsX3aHDjQe6nlTOcN4.dHoV4xofltgdI.LGohsQFOE5q8btDb2"},
{"_id":{"$oid":"5f5237a4c1beb1523fa3db08"},"firstname":"Kristy","lastname":"Coletti","email":"kristy.coletti@outlook.com","password":"$2a$10$JbEPsX3aHDjQe6nlTOcN4.dHoV4xofltgdI.LGohsQFOE5q8btDb2"},
{"_id":{"$oid":"5f5237a4c1beb1523fa3db09"},"firstname":"Richard","lastname":"Asam","email":"richard.asam@ymail.com","password":"$2a$10$JbEPsX3aHDjQe6nlTOcN4.dHoV4xofltgdI.LGohsQFOE5q8btDb2"},
{"_id":{"$oid":"5f5237a4c1beb1523fa3db0a"},"firstname":"Paula","lastname":"Chadwell","email":"paula.chadwell@hooli.com","password":"$2a$10$JbEPsX3aHDjQe6nlTOcN4.dHoV4xofltgdI.LGohsQFOE5q8btDb2"},
{"_id":{"$oid":"5f5237a4c1beb1523fa3db0b"},"firstname":"Joann","lastname":"Merrell","email":"joann.merrell@raviga.com","password":"$2a$10$JbEPsX3aHDjQe6nlTOcN4.dHoV4xofltgdI.LGohsQFOE5q8btDb2"},
{"_id":{"$oid":"5f5237a4c1beb1523fa3db0c"},"firstname":"Leif","lastname":"Garay","email":"leif.garay@ymail.com","password":"$2a$10$JbEPsX3aHDjQe6nlTOcN4.dHoV4xofltgdI.LGohsQFOE5q8btDb2"},
{"_id":{"$oid":"5f5237a4c1beb1523fa3db0d"},"firstname":"Irene","lastname":"Bryant","email":"irene.bryant@endframe.com","password":"$2a$10$JbEPsX3aHDjQe6nlTOcN4.dHoV4xofltgdI.LGohsQFOE5q8btDb2"},
{"_id":{"$oid":"5f5237a4c1beb1523fa3db0e"},"firstname":"Roger","lastname":"Sheffield","email":"roger.sheffield@gmail.com","password":"$2a$10$JbEPsX3aHDjQe6nlTOcN4.dHoV4xofltgdI.LGohsQFOE5q8btDb2"},
{"_id":{"$oid":"5f5237a4c1beb1523fa3db0f"},"firstname":"Philip","lastname":"Tomlin","email":"philip.tomlin@outlook.com","password":"$2a$10$JbEPsX3aHDjQe6nlTOcN4.dHoV4xofltgdI.LGohsQFOE5q8btDb2"},
{"_id":{"$oid":"5f5237a4c1beb1523fa3db10"},"firstname":"Kim","lastname":"Johnson","email":"kim.johnson@gmail.com","password":"$2a$10$JbEPsX3aHDjQe6nlTOcN4.dHoV4xofltgdI.LGohsQFOE5q8btDb2"},
{"_id":{"$oid":"5f5237a4c1beb1523fa3db11"},"firstname":"Pablo","lastname":"Horne","email":"pablo.horne@yahoo.com","password":"$2a$10$JbEPsX3aHDjQe6nlTOcN4.dHoV4xofltgdI.LGohsQFOE5q8btDb2"},
{"_id":{"$oid":"5f5237a4c1beb1523fa3db12"},"firstname":"John","lastname":"Green","email":"john.green@outlook.com","password":"$2a$10$JbEPsX3aHDjQe6nlTOcN4.dHoV4xofltgdI.LGohsQFOE5q8btDb2"},
{"_id":{"$oid":"5f5237a4c1beb1523fa3db13"},"firstname":"Leta","lastname":"Hollifield","email":"leta.hollifield@bachmanity.com","password":"$2a$10$JbEPsX3aHDjQe6nlTOcN4.dHoV4xofltgdI.LGohsQFOE5q8btDb2"},
{"_id":{"$oid":"5f5237a4c1beb1523fa3db14"},"firstname":"Lucas","lastname":"Dobbs","email":"lucas.dobbs@yahoo.com","password":"$2a$10$JbEPsX3aHDjQe6nlTOcN4.dHoV4xofltgdI.LGohsQFOE5q8btDb2"},
{"_id":{"$oid":"5f5237a4c1beb1523fa3db15"},"firstname":"Samantha","lastname":"Thomas","email":"samantha.thomas@ymail.com","password":"$2a$10$JbEPsX3aHDjQe6nlTOcN4.dHoV4xofltgdI.LGohsQFOE5q8btDb2"},
{"_id":{"$oid":"5f5237a4c1beb1523fa3db16"},"firstname":"Jane","lastname":"Jones","email":"jane.jones@piedpiper.com","password":"$2a$10$JbEPsX3aHDjQe6nlTOcN4.dHoV4xofltgdI.LGohsQFOE5q8btDb2"},
{"_id":{"$oid":"5f5237a4c1beb1523fa3db17"},"firstname":"Peter","lastname":"Mccafferty","email":"peter.mccafferty@gmail.com","password":"$2a$10$JbEPsX3aHDjQe6nlTOcN4.dHoV4xofltgdI.LGohsQFOE5q8btDb2"},
{"_id":{"$oid":"5f5237a4c1beb1523fa3db18"},"firstname":"Mary","lastname":"Watson","email":"mary.watson@hooli.com","password":"$2a$10$JbEPsX3aHDjQe6nlTOcN4.dHoV4xofltgdI.LGohsQFOE5q8btDb2"},
{"_id":{"$oid":"5f5237a4c1beb1523fa3db19"},"firstname":"Betty","lastname":"Hart","email":"betty.hart@yahoo.com","password":"$2a$10$JbEPsX3aHDjQe6nlTOcN4.dHoV4xofltgdI.LGohsQFOE5q8btDb2"},
{"_id":{"$oid":"5f5237a4c1beb1523fa3db1a"},"firstname":"Leo","lastname":"Goyne","email":"leo.goyne@bachmanity.com","password":"$2a$10$JbEPsX3aHDjQe6nlTOcN4.dHoV4xofltgdI.LGohsQFOE5q8btDb2"},
{"_id":{"$oid":"5f5237a4c1beb1523fa3db1b"},"firstname":"Ashley","lastname":"Krammes","email":"ashley.krammes@yahoo.com","password":"$2a$10$JbEPsX3aHDjQe6nlTOcN4.dHoV4xofltgdI.LGohsQFOE5q8btDb2"},
{"_id":{"$oid":"5f5237a4c1beb1523fa3db1c"},"firstname":"Leda","lastname":"Dicks","email":"leda.dicks@outlook.com","password":"$2a$10$JbEPsX3aHDjQe6nlTOcN4.dHoV4xofltgdI.LGohsQFOE5q8btDb2"},
{"_id":{"$oid":"5f5237a4c1beb1523fa3db1d"},"firstname":"Sandra","lastname":"Darrough","email":"sandra.darrough@gmail.com","password":"$2a$10$JbEPsX3aHDjQe6nlTOcN4.dHoV4xofltgdI.LGohsQFOE5q8btDb2"},
{"_id":{"$oid":"5f5237a4c1beb1523fa3db1e"},"firstname":"Moira","lastname":"Kaya","email":"moira.kaya@endframe.com","password":"$2a$10$JbEPsX3aHDjQe6nlTOcN4.dHoV4xofltgdI.LGohsQFOE5q8btDb2"},
{"_id":{"$oid":"5f5237a4c1beb1523fa3db1f"},"firstname":"Carol","lastname":"Hanna","email":"carol.hanna@raviga.com","password":"$2a$10$JbEPsX3aHDjQe6nlTOcN4.dHoV4xofltgdI.LGohsQFOE5q8btDb2"},
{"_id":{"$oid":"5f5237a4c1beb1523fa3db20"},"firstname":"John","lastname":"Castro","email":"john.castro@outlook.com","password":"$2a$10$JbEPsX3aHDjQe6nlTOcN4.dHoV4xofltgdI.LGohsQFOE5q8btDb2"},
{"_id":{"$oid":"5f5237a4c1beb1523fa3db21"},"firstname":"Otis","lastname":"Graczyk","email":"otis.graczyk@outlook.com","password":"$2a$10$JbEPsX3aHDjQe6nlTOcN4.dHoV4xofltgdI.LGohsQFOE5q8btDb2"},
{"_id":{"$oid":"5f5237a4c1beb1523fa3db22"},"firstname":"Tomiko","lastname":"Bailey","email":"tomiko.bailey@ymail.com","password":"$2a$10$JbEPsX3aHDjQe6nlTOcN4.dHoV4xofltgdI.LGohsQFOE5q8btDb2"},
{"_id":{"$oid":"5f5237a4c1beb1523fa3db23"},"firstname":"Melissa","lastname":"Hernandez","email":"melissa.hernandez@outlook.com","password":"$2a$10$JbEPsX3aHDjQe6nlTOcN4.dHoV4xofltgdI.LGohsQFOE5q8btDb2"},
{"_id":{"$oid":"5f5237a4c1beb1523fa3db24"},"firstname":"Barbara","lastname":"Cornett","email":"barbara.cornett@bachmanity.com","password":"$2a$10$JbEPsX3aHDjQe6nlTOcN4.dHoV4xofltgdI.LGohsQFOE5q8btDb2"},
{"_id":{"$oid":"5f5237a4c1beb1523fa3db25"},"firstname":"Stephen","lastname":"Goldstein","email":"stephen.goldstein@piedpiper.com","password":"$2a$10$JbEPsX3aHDjQe6nlTOcN4.dHoV4xofltgdI.LGohsQFOE5q8btDb2"},
{"_id":{"$oid":"5f5237a4c1beb1523fa3db26"},"firstname":"Candace","lastname":"Hoffpauir","email":"candace.hoffpauir@piedpiper.com","password":"$2a$10$JbEPsX3aHDjQe6nlTOcN4.dHoV4xofltgdI.LGohsQFOE5q8btDb2"},
{"_id":{"$oid":"5f5237a4c1beb1523fa3db27"},"firstname":"Marlene","lastname":"Ally","email":"marlene.ally@hooli.com","password":"$2a$10$JbEPsX3aHDjQe6nlTOcN4.dHoV4xofltgdI.LGohsQFOE5q8btDb2"},
{"_id":{"$oid":"5f5237a4c1beb1523fa3db28"},"firstname":"Delbert","lastname":"Carlson","email":"delbert.carlson@gmail.com","password":"$2a$10$JbEPsX3aHDjQe6nlTOcN4.dHoV4xofltgdI.LGohsQFOE5q8btDb2"},
{"_id":{"$oid":"5f5237a4c1beb1523fa3db29"},"firstname":"Jeffrey","lastname":"Garcia","email":"jeffrey.garcia@raviga.com","password":"$2a$10$JbEPsX3aHDjQe6nlTOcN4.dHoV4xofltgdI.LGohsQFOE5q8btDb2"},
{"_id":{"$oid":"5f5237a4c1beb1523fa3db2a"},"firstname":"Charles","lastname":"Rupe","email":"charles.rupe@endframe.com","password":"$2a$10$JbEPsX3aHDjQe6nlTOcN4.dHoV4xofltgdI.LGohsQFOE5q8btDb2"},
{"_id":{"$oid":"5f5237a4c1beb1523fa3db2b"},"firstname":"Angie","lastname":"Mazzotta","email":"angie.mazzotta@bachmanity.com","password":"$2a$10$JbEPsX3aHDjQe6nlTOcN4.dHoV4xofltgdI.LGohsQFOE5q8btDb2"},
{"_id":{"$oid":"5f5237a4c1beb1523fa3db2c"},"firstname":"Margaret","lastname":"Williams","email":"margaret.williams@yahoo.com","password":"$2a$10$JbEPsX3aHDjQe6nlTOcN4.dHoV4xofltgdI.LGohsQFOE5q8btDb2"},
{"_id":{"$oid":"5f5237a4c1beb1523fa3db2d"},"firstname":"Garnet","lastname":"Mader","email":"garnet.mader@endframe.com","password":"$2a$10$JbEPsX3aHDjQe6nlTOcN4.dHoV4xofltgdI.LGohsQFOE5q8btDb2"},
{"_id":{"$oid":"5f5237a4c1beb1523fa3db2e"},"firstname":"Gregory","lastname":"Miller","email":"gregory.miller@hooli.com","password":"$2a$10$JbEPsX3aHDjQe6nlTOcN4.dHoV4xofltgdI.LGohsQFOE5q8btDb2"},
{"_id":{"$oid":"5f5237a4c1beb1523fa3db2f"},"firstname":"Christen","lastname":"Utley","email":"christen.utley@outlook.com","password":"$2a$10$JbEPsX3aHDjQe6nlTOcN4.dHoV4xofltgdI.LGohsQFOE5q8btDb2"},
{"_id":{"$oid":"5f5237a4c1beb1523fa3db30"},"firstname":"Gloria","lastname":"Tillett","email":"gloria.tillett@raviga.com","password":"$2a$10$JbEPsX3aHDjQe6nlTOcN4.dHoV4xofltgdI.LGohsQFOE5q8btDb2"},
{"_id":{"$oid":"5f5237a4c1beb1523fa3db31"},"firstname":"Jean","lastname":"Miller","email":"jean.miller@gmail.com","password":"$2a$10$JbEPsX3aHDjQe6nlTOcN4.dHoV4xofltgdI.LGohsQFOE5q8btDb2"},
{"_id":{"$oid":"5f5237a4c1beb1523fa3db32"},"firstname":"Matthew","lastname":"Hubbard","email":"matthew.hubbard@outlook.com","password":"$2a$10$JbEPsX3aHDjQe6nlTOcN4.dHoV4xofltgdI.LGohsQFOE5q8btDb2"},
{"_id":{"$oid":"5f5237a4c1beb1523fa3db33"},"firstname":"Ada","lastname":"Maxwell","email":"ada.maxwell@gmail.com","password":"$2a$10$JbEPsX3aHDjQe6nlTOcN4.dHoV4xofltgdI.LGohsQFOE5q8btDb2"},
{"_id":{"$oid":"5f5237a4c1beb1523fa3db34"},"firstname":"Robert","lastname":"Fenn","email":"robert.fenn@outlook.com","password":"$2a$10$JbEPsX3aHDjQe6nlTOcN4.dHoV4xofltgdI.LGohsQFOE5q8btDb2"},
{"_id":{"$oid":"5f5237a4c1beb1523fa3db35"},"firstname":"Ella","lastname":"Evans","email":"ella.evans@endframe.com","password":"$2a$10$JbEPsX3aHDjQe6nlTOcN4.dHoV4xofltgdI.LGohsQFOE5q8btDb2"},
{"_id":{"$oid":"5f5237a4c1beb1523fa3db36"},"firstname":"Connie","lastname":"Conway","email":"connie.conway@hooli.com","password":"$2a$10$JbEPsX3aHDjQe6nlTOcN4.dHoV4xofltgdI.LGohsQFOE5q8btDb2"},
{"_id":{"$oid":"5f5237a4c1beb1523fa3db37"},"firstname":"Ty","lastname":"Davis","email":"ty.davis@outlook.com","password":"$2a$10$JbEPsX3aHDjQe6nlTOcN4.dHoV4xofltgdI.LGohsQFOE5q8btDb2"},
{"_id":{"$oid":"5f5237a4c1beb1523fa3db38"},"firstname":"Christopher","lastname":"Wolf","email":"christopher.wolf@piedpiper.com","password":"$2a$10$JbEPsX3aHDjQe6nlTOcN4.dHoV4xofltgdI.LGohsQFOE5q8btDb2"},
{"_id":{"$oid":"5f5237a4c1beb1523fa3db39"},"firstname":"Lisa","lastname":"Hagins","email":"lisa.hagins@outlook.com","password":"$2a$10$JbEPsX3aHDjQe6nlTOcN4.dHoV4xofltgdI.LGohsQFOE5q8btDb2"},
{"_id":{"$oid":"5f5237a4c1beb1523fa3db3a"},"firstname":"Thomas","lastname":"Branham","email":"thomas.branham@bachmanity.com","password":"$2a$10$JbEPsX3aHDjQe6nlTOcN4.dHoV4xofltgdI.LGohsQFOE5q8btDb2"},
{"_id":{"$oid":"5f5237a4c1beb1523fa3db3b"},"firstname":"Margaret","lastname":"Shaffer","email":"margaret.shaffer@piedpiper.com","password":"$2a$10$JbEPsX3aHDjQe6nlTOcN4.dHoV4xofltgdI.LGohsQFOE5q8btDb2"},
{"_id":{"$oid":"5f5237a4c1beb1523fa3db3c"},"firstname":"Jimmy","lastname":"Salazar","email":"jimmy.salazar@raviga.com","password":"$2a$10$JbEPsX3aHDjQe6nlTOcN4.dHoV4xofltgdI.LGohsQFOE5q8btDb2"},
{"_id":{"$oid":"5f5237a4c1beb1523fa3db3d"},"firstname":"Amanda","lastname":"Harris","email":"amanda.harris@raviga.com","password":"$2a$10$JbEPsX3aHDjQe6nlTOcN4.dHoV4xofltgdI.LGohsQFOE5q8btDb2"},
{"_id":{"$oid":"5f5237a4c1beb1523fa3db3e"},"firstname":"Wallace","lastname":"Solis","email":"wallace.solis@outlook.com","password":"$2a$10$JbEPsX3aHDjQe6nlTOcN4.dHoV4xofltgdI.LGohsQFOE5q8btDb2"},
{"_id":{"$oid":"5f5237a4c1beb1523fa3db3f"},"firstname":"Marylin","lastname":"Cox","email":"marylin.cox@hooli.com","password":"$2a$10$JbEPsX3aHDjQe6nlTOcN4.dHoV4xofltgdI.LGohsQFOE5q8btDb2"},
{"_id":{"$oid":"5f5237a4c1beb1523fa3db40"},"firstname":"Beatrice","lastname":"Starnes","email":"beatrice.starnes@piedpiper.com","password":"$2a$10$JbEPsX3aHDjQe6nlTOcN4.dHoV4xofltgdI.LGohsQFOE5q8btDb2"},
{"_id":{"$oid":"5f5237a4c1beb1523fa3db41"},"firstname":"Gay","lastname":"Policare","email":"gay.policare@gmail.com","password":"$2a$10$JbEPsX3aHDjQe6nlTOcN4.dHoV4xofltgdI.LGohsQFOE5q8btDb2"},
{"_id":{"$oid":"5f5237a4c1beb1523fa3db42"},"firstname":"Heather","lastname":"Burch","email":"heather.burch@endframe.com","password":"$2a$10$JbEPsX3aHDjQe6nlTOcN4.dHoV4xofltgdI.LGohsQFOE5q8btDb2"},
{"_id":{"$oid":"5f5237a4c1beb1523fa3db43"},"firstname":"Debra","lastname":"Wayne","email":"debra.wayne@bachmanity.com","password":"$2a$10$JbEPsX3aHDjQe6nlTOcN4.dHoV4xofltgdI.LGohsQFOE5q8btDb2"},
{"_id":{"$oid":"5f5237a4c1beb1523fa3db44"},"firstname":"Joyce","lastname":"Ward","email":"joyce.ward@gmail.com","password":"$2a$10$JbEPsX3aHDjQe6nlTOcN4.dHoV4xofltgdI.LGohsQFOE5q8btDb2"},
{"_id":{"$oid":"5f5237a4c1beb1523fa3db45"},"firstname":"Raymond","lastname":"Goleman","email":"raymond.goleman@ymail.com","password":"$2a$10$JbEPsX3aHDjQe6nlTOcN4.dHoV4xofltgdI.LGohsQFOE5q8btDb2"},
{"_id":{"$oid":"5f5237a4c1beb1523fa3db46"},"firstname":"Thomas","lastname":"Snyder","email":"thomas.snyder@endframe.com","password":"$2a$10$JbEPsX3aHDjQe6nlTOcN4.dHoV4xofltgdI.LGohsQFOE5q8btDb2"},
{"_id":{"$oid":"5f5237a4c1beb1523fa3db47"},"firstname":"Keri","lastname":"Wolfenbarger","email":"keri.wolfenbarger@outlook.com","password":"$2a$10$JbEPsX3aHDjQe6nlTOcN4.dHoV4xofltgdI.LGohsQFOE5q8btDb2"},
{"_id":{"$oid":"5f5237a4c1beb1523fa3db48"},"firstname":"Leta","lastname":"Peace","email":"leta.peace@bachmanity.com","password":"$2a$10$JbEPsX3aHDjQe6nlTOcN4.dHoV4xofltgdI.LGohsQFOE5q8btDb2"},
{"_id":{"$oid":"5f5237a4c1beb1523fa3db49"},"firstname":"Isabella","lastname":"Cook","email":"isabella.cook@piedpiper.com","password":"$2a$10$JbEPsX3aHDjQe6nlTOcN4.dHoV4xofltgdI.LGohsQFOE5q8btDb2"},
{"_id":{"$oid":"5f5237a4c1beb1523fa3db4a"},"firstname":"John","lastname":"Jaramillo","email":"john.jaramillo@piedpiper.com","password":"$2a$10$JbEPsX3aHDjQe6nlTOcN4.dHoV4xofltgdI.LGohsQFOE5q8btDb2"},
{"_id":{"$oid":"5f5237a4c1beb1523fa3db4b"},"firstname":"Jae","lastname":"Bachand","email":"jae.bachand@gmail.com","password":"$2a$10$JbEPsX3aHDjQe6nlTOcN4.dHoV4xofltgdI.LGohsQFOE5q8btDb2"},
{"_id":{"$oid":"5f5237a4c1beb1523fa3db4c"},"firstname":"Rhoda","lastname":"Mullen","email":"rhoda.mullen@bachmanity.com","password":"$2a$10$JbEPsX3aHDjQe6nlTOcN4.dHoV4xofltgdI.LGohsQFOE5q8btDb2"},
{"_id":{"$oid":"5f5237a4c1beb1523fa3db4d"},"firstname":"James","lastname":"Soape","email":"james.soape@bachmanity.com","password":"$2a$10$JbEPsX3aHDjQe6nlTOcN4.dHoV4xofltgdI.LGohsQFOE5q8btDb2"},
{"_id":{"$oid":"5f5237a4c1beb1523fa3db4e"},"firstname":"Veronica","lastname":"Kunz","email":"veronica.kunz@gmail.com","password":"$2a$10$JbEPsX3aHDjQe6nlTOcN4.dHoV4xofltgdI.LGohsQFOE5q8btDb2"},
{"_id":{"$oid":"5f5237a4c1beb1523fa3db4f"},"firstname":"Roscoe","lastname":"Aranda","email":"roscoe.aranda@gmail.com","password":"$2a$10$JbEPsX3aHDjQe6nlTOcN4.dHoV4xofltgdI.LGohsQFOE5q8btDb2"},
{"_id":{"$oid":"5f5237a4c1beb1523fa3db50"},"firstname":"Beth","lastname":"Hillman","email":"beth.hillman@bachmanity.com","password":"$2a$10$JbEPsX3aHDjQe6nlTOcN4.dHoV4xofltgdI.LGohsQFOE5q8btDb2"},
{"_id":{"$oid":"5f5237a4c1beb1523fa3db51"},"firstname":"Donald","lastname":"Kates","email":"donald.kates@raviga.com","password":"$2a$10$JbEPsX3aHDjQe6nlTOcN4.dHoV4xofltgdI.LGohsQFOE5q8btDb2"},
{"_id":{"$oid":"5f5237a4c1beb1523fa3db52"},"firstname":"Francine","lastname":"Greggs","email":"francine.greggs@raviga.com","password":"$2a$10$JbEPsX3aHDjQe6nlTOcN4.dHoV4xofltgdI.LGohsQFOE5q8btDb2"},
{"_id":{"$oid":"5f5237a4c1beb1523fa3db53"},"firstname":"Laura","lastname":"Atkins","email":"laura.atkins@endframe.com","password":"$2a$10$JbEPsX3aHDjQe6nlTOcN4.dHoV4xofltgdI.LGohsQFOE5q8btDb2"},
{"_id":{"$oid":"5f5237a4c1beb1523fa3db54"},"firstname":"Willie","lastname":"Jasso","email":"willie.jasso@endframe.com","password":"$2a$10$JbEPsX3aHDjQe6nlTOcN4.dHoV4xofltgdI.LGohsQFOE5q8btDb2"},
{"_id":{"$oid":"5f5237a4c1beb1523fa3db55"},"firstname":"Angel","lastname":"Lally","email":"angel.lally@piedpiper.com","password":"$2a$10$JbEPsX3aHDjQe6nlTOcN4.dHoV4xofltgdI.LGohsQFOE5q8btDb2"},
{"_id":{"$oid":"5f5237a4c1beb1523fa3db56"},"firstname":"Carla","lastname":"Chapin","email":"carla.chapin@hooli.com","password":"$2a$10$JbEPsX3aHDjQe6nlTOcN4.dHoV4xofltgdI.LGohsQFOE5q8btDb2"},
{"_id":{"$oid":"5f5237a4c1beb1523fa3db57"},"firstname":"Rena","lastname":"Pack","email":"rena.pack@gmail.com","password":"$2a$10$JbEPsX3aHDjQe6nlTOcN4.dHoV4xofltgdI.LGohsQFOE5q8btDb2"},
{"_id":{"$oid":"5f5237a4c1beb1523fa3db58"},"firstname":"Ian","lastname":"Smith","email":"ian.smith@endframe.com","password":"$2a$10$JbEPsX3aHDjQe6nlTOcN4.dHoV4xofltgdI.LGohsQFOE5q8btDb2"},
{"_id":{"$oid":"5f5237a4c1beb1523fa3db59"},"firstname":"Margaret","lastname":"Evans","email":"margaret.evans@bachmanity.com","password":"$2a$10$JbEPsX3aHDjQe6nlTOcN4.dHoV4xofltgdI.LGohsQFOE5q8btDb2"},
{"_id":{"$oid":"5f5237a4c1beb1523fa3db5a"},"firstname":"Connie","lastname":"Tropea","email":"connie.tropea@endframe.com","password":"$2a$10$JbEPsX3aHDjQe6nlTOcN4.dHoV4xofltgdI.LGohsQFOE5q8btDb2"},
{"_id":{"$oid":"5f5237a4c1beb1523fa3db5b"},"firstname":"Adrienne","lastname":"Bates","email":"adrienne.bates@bachmanity.com","password":"$2a$10$JbEPsX3aHDjQe6nlTOcN4.dHoV4xofltgdI.LGohsQFOE5q8btDb2"},
{"_id":{"$oid":"5f5237a4c1beb1523fa3db5c"},"firstname":"Brenda","lastname":"Fisher","email":"brenda.fisher@piedpiper.com","password":"$2a$10$JbEPsX3aHDjQe6nlTOcN4.dHoV4xofltgdI.LGohsQFOE5q8btDb2"},
{"_id":{"$oid":"5f5237a4c1beb1523fa3db5d"},"firstname":"Sharon","lastname":"Battles","email":"sharon.battles@hooli.com","password":"$2a$10$JbEPsX3aHDjQe6nlTOcN4.dHoV4xofltgdI.LGohsQFOE5q8btDb2"},
{"_id":{"$oid":"5f5237a4c1beb1523fa3db5e"},"firstname":"Paul","lastname":"Peterson","email":"paul.peterson@endframe.com","password":"$2a$10$JbEPsX3aHDjQe6nlTOcN4.dHoV4xofltgdI.LGohsQFOE5q8btDb2"},
{"_id":{"$oid":"5f5237a4c1beb1523fa3db5f"},"firstname":"Jenny","lastname":"Larson","email":"jenny.larson@yahoo.com","password":"$2a$10$JbEPsX3aHDjQe6nlTOcN4.dHoV4xofltgdI.LGohsQFOE5q8btDb2"},
{"_id":{"$oid":"5f5237a4c1beb1523fa3db60"},"firstname":"Helen","lastname":"Vela","email":"helen.vela@piedpiper.com","password":"$2a$10$JbEPsX3aHDjQe6nlTOcN4.dHoV4xofltgdI.LGohsQFOE5q8btDb2"},
{"_id":{"$oid":"5f5237a4c1beb1523fa3db61"},"firstname":"Frederick","lastname":"Russell","email":"frederick.russell@yahoo.com","password":"$2a$10$JbEPsX3aHDjQe6nlTOcN4.dHoV4xofltgdI.LGohsQFOE5q8btDb2"},
{"_id":{"$oid":"5f5237a4c1beb1523fa3db62"},"firstname":"Samuel","lastname":"Bailey","email":"samuel.bailey@gmail.com","password":"$2a$10$JbEPsX3aHDjQe6nlTOcN4.dHoV4xofltgdI.LGohsQFOE5q8btDb2"},
{"_id":{"$oid":"5f5237a4c1beb1523fa3db63"},"firstname":"Kaye","lastname":"Thompson","email":"kaye.thompson@outlook.com","password":"$2a$10$JbEPsX3aHDjQe6nlTOcN4.dHoV4xofltgdI.LGohsQFOE5q8btDb2"},
{"_id":{"$oid":"5f5237a4c1beb1523fa3db64"},"firstname":"Jo","lastname":"Hines","email":"jo.hines@gmail.com","password":"$2a$10$JbEPsX3aHDjQe6nlTOcN4.dHoV4xofltgdI.LGohsQFOE5q8btDb2"},
{"_id":{"$oid":"5f5237a4c1beb1523fa3db65"},"firstname":"Gary","lastname":"Selph","email":"gary.selph@bachmanity.com","password":"$2a$10$JbEPsX3aHDjQe6nlTOcN4.dHoV4xofltgdI.LGohsQFOE5q8btDb2"},
{"_id":{"$oid":"5f5237a4c1beb1523fa3db66"},"firstname":"Alice","lastname":"Underwood","email":"alice.underwood@yahoo.com","password":"$2a$10$JbEPsX3aHDjQe6nlTOcN4.dHoV4xofltgdI.LGohsQFOE5q8btDb2"},
{"_id":{"$oid":"5f5237a4c1beb1523fa3db67"},"firstname":"Janice","lastname":"Barry","email":"janice.barry@piedpiper.com","password":"$2a$10$JbEPsX3aHDjQe6nlTOcN4.dHoV4xofltgdI.LGohsQFOE5q8btDb2"},
{"_id":{"$oid":"5f5237a4c1beb1523fa3db68"},"firstname":"Kenneth","lastname":"Jones","email":"kenneth.jones@endframe.com","password":"$2a$10$JbEPsX3aHDjQe6nlTOcN4.dHoV4xofltgdI.LGohsQFOE5q8btDb2"},
{"_id":{"$oid":"5f5237a4c1beb1523fa3db69"},"firstname":"Terry","lastname":"Smith","email":"terry.smith@outlook.com","password":"$2a$10$JbEPsX3aHDjQe6nlTOcN4.dHoV4xofltgdI.LGohsQFOE5q8btDb2"},
{"_id":{"$oid":"5f5237a4c1beb1523fa3db6a"},"firstname":"Peter","lastname":"Martinez","email":"peter.martinez@yahoo.com","password":"$2a$10$JbEPsX3aHDjQe6nlTOcN4.dHoV4xofltgdI.LGohsQFOE5q8btDb2"},
{"_id":{"$oid":"5f5237a4c1beb1523fa3db6b"},"firstname":"Jane","lastname":"Simmons","email":"jane.simmons@yahoo.com","password":"$2a$10$JbEPsX3aHDjQe6nlTOcN4.dHoV4xofltgdI.LGohsQFOE5q8btDb2"},
{"_id":{"$oid":"5f5237a4c1beb1523fa3db6c"},"firstname":"Jeffrey","lastname":"Valenti","email":"jeffrey.valenti@yahoo.com","password":"$2a$10$JbEPsX3aHDjQe6nlTOcN4.dHoV4xofltgdI.LGohsQFOE5q8btDb2"},
{"_id":{"$oid":"5f5237a4c1beb1523fa3db6d"},"firstname":"Meagan","lastname":"Laplante","email":"meagan.laplante@bachmanity.com","password":"$2a$10$JbEPsX3aHDjQe6nlTOcN4.dHoV4xofltgdI.LGohsQFOE5q8btDb2"},
{"_id":{"$oid":"5f5237a4c1beb1523fa3db6e"},"firstname":"Jeffrey","lastname":"Jones","email":"jeffrey.jones@raviga.com","password":"$2a$10$JbEPsX3aHDjQe6nlTOcN4.dHoV4xofltgdI.LGohsQFOE5q8btDb2"},
{"_id":{"$oid":"5f5237a4c1beb1523fa3db6f"},"firstname":"Colin","lastname":"Rice","email":"colin.rice@piedpiper.com","password":"$2a$10$JbEPsX3aHDjQe6nlTOcN4.dHoV4xofltgdI.LGohsQFOE5q8btDb2"},
{"_id":{"$oid":"5f5237a4c1beb1523fa3db70"},"firstname":"Julie","lastname":"Nye","email":"julie.nye@outlook.com","password":"$2a$10$JbEPsX3aHDjQe6nlTOcN4.dHoV4xofltgdI.LGohsQFOE5q8btDb2"},
{"_id":{"$oid":"5f5237a4c1beb1523fa3db71"},"firstname":"Joseph","lastname":"Rossin","email":"joseph.rossin@piedpiper.com","password":"$2a$10$JbEPsX3aHDjQe6nlTOcN4.dHoV4xofltgdI.LGohsQFOE5q8btDb2"},
{"_id":{"$oid":"5f5237a4c1beb1523fa3db72"},"firstname":"Andre","lastname":"Garcia","email":"andre.garcia@raviga.com","password":"$2a$10$JbEPsX3aHDjQe6nlTOcN4.dHoV4xofltgdI.LGohsQFOE5q8btDb2"},
{"_id":{"$oid":"5f5237a4c1beb1523fa3db73"},"firstname":"David","lastname":"Morris","email":"david.morris@yahoo.com","password":"$2a$10$JbEPsX3aHDjQe6nlTOcN4.dHoV4xofltgdI.LGohsQFOE5q8btDb2"},
{"_id":{"$oid":"5f5237a4c1beb1523fa3db74"},"firstname":"Willie","lastname":"Forest","email":"willie.forest@yahoo.com","password":"$2a$10$JbEPsX3aHDjQe6nlTOcN4.dHoV4xofltgdI.LGohsQFOE5q8btDb2"},
{"_id":{"$oid":"5f5237a4c1beb1523fa3db75"},"firstname":"Barbara","lastname":"Helmer","email":"barbara.helmer@piedpiper.com","password":"$2a$10$JbEPsX3aHDjQe6nlTOcN4.dHoV4xofltgdI.LGohsQFOE5q8btDb2"},
{"_id":{"$oid":"5f5237a4c1beb1523fa3db76"},"firstname":"Sergio","lastname":"Garner","email":"sergio.garner@yahoo.com","password":"$2a$10$JbEPsX3aHDjQe6nlTOcN4.dHoV4xofltgdI.LGohsQFOE5q8btDb2"},
{"_id":{"$oid":"5f5237a4c1beb1523fa3db77"},"firstname":"Shelby","lastname":"Miranda","email":"shelby.miranda@hooli.com","password":"$2a$10$JbEPsX3aHDjQe6nlTOcN4.dHoV4xofltgdI.LGohsQFOE5q8btDb2"},
{"_id":{"$oid":"5f5237a4c1beb1523fa3db78"},"firstname":"Jerry","lastname":"Williams","email":"jerry.williams@ymail.com","password":"$2a$10$JbEPsX3aHDjQe6nlTOcN4.dHoV4xofltgdI.LGohsQFOE5q8btDb2"},
{"_id":{"$oid":"5f5237a4c1beb1523fa3db79"},"firstname":"Mary","lastname":"Hernandez","email":"mary.hernandez@outlook.com","password":"$2a$10$JbEPsX3aHDjQe6nlTOcN4.dHoV4xofltgdI.LGohsQFOE5q8btDb2"},
{"_id":{"$oid":"5f5237a4c1beb1523fa3db7a"},"firstname":"Douglas","lastname":"Stocks","email":"douglas.stocks@yahoo.com","password":"$2a$10$JbEPsX3aHDjQe6nlTOcN4.dHoV4xofltgdI.LGohsQFOE5q8btDb2"},
{"_id":{"$oid":"5f5237a4c1beb1523fa3db7b"},"firstname":"Mary","lastname":"Moore","email":"mary.moore@raviga.com","password":"$2a$10$JbEPsX3aHDjQe6nlTOcN4.dHoV4xofltgdI.LGohsQFOE5q8btDb2"},
{"_id":{"$oid":"5f5237a4c1beb1523fa3db7c"},"firstname":"Nelson","lastname":"Demoss","email":"nelson.demoss@gmail.com","password":"$2a$10$JbEPsX3aHDjQe6nlTOcN4.dHoV4xofltgdI.LGohsQFOE5q8btDb2"},
{"_id":{"$oid":"5f5237a4c1beb1523fa3db7d"},"firstname":"Lynn","lastname":"Degiulio","email":"lynn.degiulio@gmail.com","password":"$2a$10$JbEPsX3aHDjQe6nlTOcN4.dHoV4xofltgdI.LGohsQFOE5q8btDb2"},
{"_id":{"$oid":"5f5237a4c1beb1523fa3db7e"},"firstname":"Robert","lastname":"Hall","email":"robert.hall@endframe.com","password":"$2a$10$JbEPsX3aHDjQe6nlTOcN4.dHoV4xofltgdI.LGohsQFOE5q8btDb2"},
{"_id":{"$oid":"5f5237a4c1beb1523fa3db7f"},"firstname":"Luther","lastname":"Rigsby","email":"luther.rigsby@outlook.com","password":"$2a$10$JbEPsX3aHDjQe6nlTOcN4.dHoV4xofltgdI.LGohsQFOE5q8btDb2"},
{"_id":{"$oid":"5f5237a4c1beb1523fa3db80"},"firstname":"Carla","lastname":"Manalili","email":"carla.manalili@piedpiper.com","password":"$2a$10$JbEPsX3aHDjQe6nlTOcN4.dHoV4xofltgdI.LGohsQFOE5q8btDb2"},
{"_id":{"$oid":"5f5237a4c1beb1523fa3db81"},"firstname":"Belinda","lastname":"Mitchell","email":"belinda.mitchell@piedpiper.com","password":"$2a$10$JbEPsX3aHDjQe6nlTOcN4.dHoV4xofltgdI.LGohsQFOE5q8btDb2"},
{"_id":{"$oid":"5f5237a4c1beb1523fa3db82"},"firstname":"Robert","lastname":"Perez","email":"robert.perez@raviga.com","password":"$2a$10$JbEPsX3aHDjQe6nlTOcN4.dHoV4xofltgdI.LGohsQFOE5q8btDb2"},
{"_id":{"$oid":"5f5237a4c1beb1523fa3db83"},"firstname":"Herminia","lastname":"Aranda","email":"herminia.aranda@gmail.com","password":"$2a$10$JbEPsX3aHDjQe6nlTOcN4.dHoV4xofltgdI.LGohsQFOE5q8btDb2"},
{"_id":{"$oid":"5f5237a4c1beb1523fa3db84"},"firstname":"Frank","lastname":"Tell","email":"frank.tell@gmail.com","password":"$2a$10$JbEPsX3aHDjQe6nlTOcN4.dHoV4xofltgdI.LGohsQFOE5q8btDb2"},
{"_id":{"$oid":"5f5237a4c1beb1523fa3db85"},"firstname":"Sue","lastname":"Gomez","email":"sue.gomez@piedpiper.com","password":"$2a$10$JbEPsX3aHDjQe6nlTOcN4.dHoV4xofltgdI.LGohsQFOE5q8btDb2"},
{"_id":{"$oid":"5f5237a4c1beb1523fa3db86"},"firstname":"Jeanne","lastname":"Young","email":"jeanne.young@raviga.com","password":"$2a$10$JbEPsX3aHDjQe6nlTOcN4.dHoV4xofltgdI.LGohsQFOE5q8btDb2"},
{"_id":{"$oid":"5f5237a4c1beb1523fa3db87"},"firstname":"Suzanne","lastname":"Cooper","email":"suzanne.cooper@piedpiper.com","password":"$2a$10$JbEPsX3aHDjQe6nlTOcN4.dHoV4xofltgdI.LGohsQFOE5q8btDb2"},
{"_id":{"$oid":"5f5237a4c1beb1523fa3db88"},"firstname":"Dennis","lastname":"Bodi","email":"dennis.bodi@outlook.com","password":"$2a$10$JbEPsX3aHDjQe6nlTOcN4.dHoV4xofltgdI.LGohsQFOE5q8btDb2"},
{"_id":{"$oid":"5f5237a4c1beb1523fa3db89"},"firstname":"Ola","lastname":"Farmer","email":"ola.farmer@outlook.com","password":"$2a$10$JbEPsX3aHDjQe6nlTOcN4.dHoV4xofltgdI.LGohsQFOE5q8btDb2"},
{"_id":{"$oid":"5f5237a4c1beb1523fa3db8a"},"firstname":"Damion","lastname":"House","email":"damion.house@yahoo.com","password":"$2a$10$JbEPsX3aHDjQe6nlTOcN4.dHoV4xofltgdI.LGohsQFOE5q8btDb2"},
{"_id":{"$oid":"5f5237a4c1beb1523fa3db8b"},"firstname":"Paul","lastname":"Tinsley","email":"paul.tinsley@gmail.com","password":"$2a$10$JbEPsX3aHDjQe6nlTOcN4.dHoV4xofltgdI.LGohsQFOE5q8btDb2"},
{"_id":{"$oid":"5f5237a4c1beb1523fa3db8c"},"firstname":"Joseph","lastname":"Press","email":"joseph.press@ymail.com","password":"$2a$10$JbEPsX3aHDjQe6nlTOcN4.dHoV4xofltgdI.LGohsQFOE5q8btDb2"},
{"_id":{"$oid":"5f5237a4c1beb1523fa3db8d"},"firstname":"Arthur","lastname":"Ewing","email":"arthur.ewing@yahoo.com","password":"$2a$10$JbEPsX3aHDjQe6nlTOcN4.dHoV4xofltgdI.LGohsQFOE5q8btDb2"},
{"_id":{"$oid":"5f5237a4c1beb1523fa3db8e"},"firstname":"Kaye","lastname":"Denny","email":"kaye.denny@gmail.com","password":"$2a$10$JbEPsX3aHDjQe6nlTOcN4.dHoV4xofltgdI.LGohsQFOE5q8btDb2"},
{"_id":{"$oid":"5f5237a4c1beb1523fa3db8f"},"firstname":"Roxanne","lastname":"Brown","email":"roxanne.brown@endframe.com","password":"$2a$10$JbEPsX3aHDjQe6nlTOcN4.dHoV4xofltgdI.LGohsQFOE5q8btDb2"},
{"_id":{"$oid":"5f5237a4c1beb1523fa3db90"},"firstname":"Norman","lastname":"Pierce","email":"norman.pierce@piedpiper.com","password":"$2a$10$JbEPsX3aHDjQe6nlTOcN4.dHoV4xofltgdI.LGohsQFOE5q8btDb2"},
{"_id":{"$oid":"5f5237a4c1beb1523fa3db91"},"firstname":"Loma","lastname":"Staples","email":"loma.staples@outlook.com","password":"$2a$10$JbEPsX3aHDjQe6nlTOcN4.dHoV4xofltgdI.LGohsQFOE5q8btDb2"},
{"_id":{"$oid":"5f5237a4c1beb1523fa3db92"},"firstname":"Inez","lastname":"Shaw","email":"inez.shaw@gmail.com","password":"$2a$10$JbEPsX3aHDjQe6nlTOcN4.dHoV4xofltgdI.LGohsQFOE5q8btDb2"},
{"_id":{"$oid":"5f5237a4c1beb1523fa3db93"},"firstname":"Richard","lastname":"Bonds","email":"richard.bonds@ymail.com","password":"$2a$10$JbEPsX3aHDjQe6nlTOcN4.dHoV4xofltgdI.LGohsQFOE5q8btDb2"},
{"_id":{"$oid":"5f5237a4c1beb1523fa3db94"},"firstname":"Logan","lastname":"Anderson","email":"logan.anderson@ymail.com","password":"$2a$10$JbEPsX3aHDjQe6nlTOcN4.dHoV4xofltgdI.LGohsQFOE5q8btDb2"},
{"_id":{"$oid":"5f5237a4c1beb1523fa3db95"},"firstname":"Kenneth","lastname":"Hayes","email":"kenneth.hayes@yahoo.com","password":"$2a$10$JbEPsX3aHDjQe6nlTOcN4.dHoV4xofltgdI.LGohsQFOE5q8btDb2"},
{"_id":{"$oid":"5f5237a4c1beb1523fa3db96"},"firstname":"Francis","lastname":"Bernardo","email":"francis.bernardo@bachmanity.com","password":"$2a$10$JbEPsX3aHDjQe6nlTOcN4.dHoV4xofltgdI.LGohsQFOE5q8btDb2"},
{"_id":{"$oid":"5f5237a4c1beb1523fa3db97"},"firstname":"Ralph","lastname":"Matheny","email":"ralph.matheny@bachmanity.com","password":"$2a$10$JbEPsX3aHDjQe6nlTOcN4.dHoV4xofltgdI.LGohsQFOE5q8btDb2"},
{"_id":{"$oid":"5f5237a4c1beb1523fa3db98"},"firstname":"Martha","lastname":"Barnes","email":"martha.barnes@piedpiper.com","password":"$2a$10$JbEPsX3aHDjQe6nlTOcN4.dHoV4xofltgdI.LGohsQFOE5q8btDb2"},
{"_id":{"$oid":"5f5237a4c1beb1523fa3db99"},"firstname":"Carolina","lastname":"Vazquez","email":"carolina.vazquez@bachmanity.com","password":"$2a$10$JbEPsX3aHDjQe6nlTOcN4.dHoV4xofltgdI.LGohsQFOE5q8btDb2"},
{"_id":{"$oid":"5f5237a4c1beb1523fa3db9a"},"firstname":"Jo","lastname":"Morgan","email":"jo.morgan@yahoo.com","password":"$2a$10$JbEPsX3aHDjQe6nlTOcN4.dHoV4xofltgdI.LGohsQFOE5q8btDb2"},
{"_id":{"$oid":"5f5237a4c1beb1523fa3db9b"},"firstname":"Maria","lastname":"Keith","email":"maria.keith@outlook.com","password":"$2a$10$JbEPsX3aHDjQe6nlTOcN4.dHoV4xofltgdI.LGohsQFOE5q8btDb2"},
{"_id":{"$oid":"5f5237a4c1beb1523fa3db9c"},"firstname":"Chad","lastname":"Glaser","email":"chad.glaser@raviga.com","password":"$2a$10$JbEPsX3aHDjQe6nlTOcN4.dHoV4xofltgdI.LGohsQFOE5q8btDb2"},
{"_id":{"$oid":"5f5237a4c1beb1523fa3db9d"},"firstname":"Alicia","lastname":"Huffman","email":"alicia.huffman@bachmanity.com","password":"$2a$10$JbEPsX3aHDjQe6nlTOcN4.dHoV4xofltgdI.LGohsQFOE5q8btDb2"},
{"_id":{"$oid":"5f5237a4c1beb1523fa3db9e"},"firstname":"Scott","lastname":"Jones","email":"scott.jones@gmail.com","password":"$2a$10$JbEPsX3aHDjQe6nlTOcN4.dHoV4xofltgdI.LGohsQFOE5q8btDb2"},
{"_id":{"$oid":"5f5237a4c1beb1523fa3db9f"},"firstname":"James","lastname":"Lambert","email":"james.lambert@yahoo.com","password":"$2a$10$JbEPsX3aHDjQe6nlTOcN4.dHoV4xofltgdI.LGohsQFOE5q8btDb2"},
{"_id":{"$oid":"5f5237a4c1beb1523fa3dba0"},"firstname":"Lisa","lastname":"Fortenberry","email":"lisa.fortenberry@piedpiper.com","password":"$2a$10$JbEPsX3aHDjQe6nlTOcN4.dHoV4xofltgdI.LGohsQFOE5q8btDb2"},
{"_id":{"$oid":"5f5237a4c1beb1523fa3dba1"},"firstname":"George","lastname":"Klemm","email":"george.klemm@raviga.com","password":"$2a$10$JbEPsX3aHDjQe6nlTOcN4.dHoV4xofltgdI.LGohsQFOE5q8btDb2"},
{"_id":{"$oid":"5f5237a4c1beb1523fa3dba2"},"firstname":"Ralph","lastname":"Tarwater","email":"ralph.tarwater@yahoo.com","password":"$2a$10$JbEPsX3aHDjQe6nlTOcN4.dHoV4xofltgdI.LGohsQFOE5q8btDb2"},
{"_id":{"$oid":"5f5237a4c1beb1523fa3dba3"},"firstname":"Judith","lastname":"Skaggs","email":"judith.skaggs@outlook.com","password":"$2a$10$JbEPsX3aHDjQe6nlTOcN4.dHoV4xofltgdI.LGohsQFOE5q8btDb2"},
{"_id":{"$oid":"5f5237a4c1beb1523fa3dba4"},"firstname":"John","lastname":"Beisch","email":"john.beisch@endframe.com","password":"$2a$10$JbEPsX3aHDjQe6nlTOcN4.dHoV4xofltgdI.LGohsQFOE5q8btDb2"},
{"_id":{"$oid":"5f5237a4c1beb1523fa3dba5"},"firstname":"Robert","lastname":"Dempsey","email":"robert.dempsey@bachmanity.com","password":"$2a$10$JbEPsX3aHDjQe6nlTOcN4.dHoV4xofltgdI.LGohsQFOE5q8btDb2"},
{"_id":{"$oid":"5f5237a4c1beb1523fa3dba6"},"firstname":"Daisy","lastname":"Chavez","email":"daisy.chavez@gmail.com","password":"$2a$10$JbEPsX3aHDjQe6nlTOcN4.dHoV4xofltgdI.LGohsQFOE5q8btDb2"},
{"_id":{"$oid":"5f5237a4c1beb1523fa3dba7"},"firstname":"Mitchell","lastname":"Cormier","email":"mitchell.cormier@yahoo.com","password":"$2a$10$JbEPsX3aHDjQe6nlTOcN4.dHoV4xofltgdI.LGohsQFOE5q8btDb2"},
{"_id":{"$oid":"5f5237a4c1beb1523fa3dba8"},"firstname":"Dana","lastname":"Pringle","email":"dana.pringle@outlook.com","password":"$2a$10$JbEPsX3aHDjQe6nlTOcN4.dHoV4xofltgdI.LGohsQFOE5q8btDb2"},
{"_id":{"$oid":"5f5237a4c1beb1523fa3dba9"},"firstname":"Larry","lastname":"Blair","email":"larry.blair@raviga.com","password":"$2a$10$JbEPsX3aHDjQe6nlTOcN4.dHoV4xofltgdI.LGohsQFOE5q8btDb2"},
{"_id":{"$oid":"5f5237a4c1beb1523fa3dbaa"},"firstname":"Pamela","lastname":"Banks","email":"pamela.banks@yahoo.com","password":"$2a$10$JbEPsX3aHDjQe6nlTOcN4.dHoV4xofltgdI.LGohsQFOE5q8btDb2"},
{"_id":{"$oid":"5f5237a4c1beb1523fa3dbab"},"firstname":"Stephanie","lastname":"Fletcher","email":"stephanie.fletcher@hooli.com","password":"$2a$10$JbEPsX3aHDjQe6nlTOcN4.dHoV4xofltgdI.LGohsQFOE5q8btDb2"},
{"_id":{"$oid":"5f5237a4c1beb1523fa3dbac"},"firstname":"Gail","lastname":"Patterson","email":"gail.patterson@hooli.com","password":"$2a$10$JbEPsX3aHDjQe6nlTOcN4.dHoV4xofltgdI.LGohsQFOE5q8btDb2"},
{"_id":{"$oid":"5f5237a4c1beb1523fa3dbad"},"firstname":"Jessica","lastname":"Lawrence","email":"jessica.lawrence@yahoo.com","password":"$2a$10$JbEPsX3aHDjQe6nlTOcN4.dHoV4xofltgdI.LGohsQFOE5q8btDb2"},
{"_id":{"$oid":"5f5237a4c1beb1523fa3dbae"},"firstname":"Delores","lastname":"Ochoa","email":"delores.ochoa@raviga.com","password":"$2a$10$JbEPsX3aHDjQe6nlTOcN4.dHoV4xofltgdI.LGohsQFOE5q8btDb2"},
{"_id":{"$oid":"5f5237a4c1beb1523fa3dbaf"},"firstname":"Eric","lastname":"Jackson","email":"eric.jackson@outlook.com","password":"$2a$10$JbEPsX3aHDjQe6nlTOcN4.dHoV4xofltgdI.LGohsQFOE5q8btDb2"},
{"_id":{"$oid":"5f5237a4c1beb1523fa3dbb0"},"firstname":"Raymond","lastname":"Gonnella","email":"raymond.gonnella@outlook.com","password":"$2a$10$JbEPsX3aHDjQe6nlTOcN4.dHoV4xofltgdI.LGohsQFOE5q8btDb2"},
{"_id":{"$oid":"5f5237a4c1beb1523fa3dbb1"},"firstname":"Gladys","lastname":"Lutz","email":"gladys.lutz@piedpiper.com","password":"$2a$10$JbEPsX3aHDjQe6nlTOcN4.dHoV4xofltgdI.LGohsQFOE5q8btDb2"},
{"_id":{"$oid":"5f5237a4c1beb1523fa3dbb2"},"firstname":"David","lastname":"Rice","email":"david.rice@hooli.com","password":"$2a$10$JbEPsX3aHDjQe6nlTOcN4.dHoV4xofltgdI.LGohsQFOE5q8btDb2"},
{"_id":{"$oid":"5f5237a4c1beb1523fa3dbb3"},"firstname":"William","lastname":"Styron","email":"william.styron@piedpiper.com","password":"$2a$10$JbEPsX3aHDjQe6nlTOcN4.dHoV4xofltgdI.LGohsQFOE5q8btDb2"},
{"_id":{"$oid":"5f5237a4c1beb1523fa3dbb4"},"firstname":"Travis","lastname":"Sircy","email":"travis.sircy@endframe.com","password":"$2a$10$JbEPsX3aHDjQe6nlTOcN4.dHoV4xofltgdI.LGohsQFOE5q8btDb2"},
{"_id":{"$oid":"5f5237a4c1beb1523fa3dbb5"},"firstname":"Nicki","lastname":"Logan","email":"nicki.logan@gmail.com","password":"$2a$10$JbEPsX3aHDjQe6nlTOcN4.dHoV4xofltgdI.LGohsQFOE5q8btDb2"},
{"_id":{"$oid":"5f5237a4c1beb1523fa3dbb6"},"firstname":"Thomas","lastname":"Mcnamara","email":"thomas.mcnamara@piedpiper.com","password":"$2a$10$JbEPsX3aHDjQe6nlTOcN4.dHoV4xofltgdI.LGohsQFOE5q8btDb2"},
{"_id":{"$oid":"5f5237a4c1beb1523fa3dbb7"},"firstname":"James","lastname":"Parris","email":"james.parris@bachmanity.com","password":"$2a$10$JbEPsX3aHDjQe6nlTOcN4.dHoV4xofltgdI.LGohsQFOE5q8btDb2"},
{"_id":{"$oid":"5f5237a4c1beb1523fa3dbb8"},"firstname":"Anthony","lastname":"Neel","email":"anthony.neel@hooli.com","password":"$2a$10$JbEPsX3aHDjQe6nlTOcN4.dHoV4xofltgdI.LGohsQFOE5q8btDb2"},
{"_id":{"$oid":"5f5237a4c1beb1523fa3dbb9"},"firstname":"Barry","lastname":"Brown","email":"barry.brown@endframe.com","password":"$2a$10$JbEPsX3aHDjQe6nlTOcN4.dHoV4xofltgdI.LGohsQFOE5q8btDb2"},
{"_id":{"$oid":"5f5237a4c1beb1523fa3dbba"},"firstname":"David","lastname":"Villagomez","email":"david.villagomez@hooli.com","password":"$2a$10$JbEPsX3aHDjQe6nlTOcN4.dHoV4xofltgdI.LGohsQFOE5q8btDb2"},
{"_id":{"$oid":"5f5237a4c1beb1523fa3dbbb"},"firstname":"Chadwick","lastname":"Quinones","email":"chadwick.quinones@yahoo.com","password":"$2a$10$JbEPsX3aHDjQe6nlTOcN4.dHoV4xofltgdI.LGohsQFOE5q8btDb2"},
{"_id":{"$oid":"5f5237a4c1beb1523fa3dbbc"},"firstname":"Dennis","lastname":"Stepnowski","email":"dennis.stepnowski@hooli.com","password":"$2a$10$JbEPsX3aHDjQe6nlTOcN4.dHoV4xofltgdI.LGohsQFOE5q8btDb2"},
{"_id":{"$oid":"5f5237a4c1beb1523fa3dbbd"},"firstname":"Andrew","lastname":"Plummer","email":"andrew.plummer@endframe.com","password":"$2a$10$JbEPsX3aHDjQe6nlTOcN4.dHoV4xofltgdI.LGohsQFOE5q8btDb2"},
{"_id":{"$oid":"5f5237a4c1beb1523fa3dbbe"},"firstname":"Lydia","lastname":"Chatterton","email":"lydia.chatterton@yahoo.com","password":"$2a$10$JbEPsX3aHDjQe6nlTOcN4.dHoV4xofltgdI.LGohsQFOE5q8btDb2"},
{"_id":{"$oid":"5f5237a4c1beb1523fa3dbbf"},"firstname":"Mazie","lastname":"Johnson","email":"mazie.johnson@yahoo.com","password":"$2a$10$JbEPsX3aHDjQe6nlTOcN4.dHoV4xofltgdI.LGohsQFOE5q8btDb2"},
{"_id":{"$oid":"5f5237a4c1beb1523fa3dbc0"},"firstname":"Christine","lastname":"Smith","email":"christine.smith@ymail.com","password":"$2a$10$JbEPsX3aHDjQe6nlTOcN4.dHoV4xofltgdI.LGohsQFOE5q8btDb2"},
{"_id":{"$oid":"5f5237a4c1beb1523fa3dbc1"},"firstname":"Rosemary","lastname":"Figueroa","email":"rosemary.figueroa@hooli.com","password":"$2a$10$JbEPsX3aHDjQe6nlTOcN4.dHoV4xofltgdI.LGohsQFOE5q8btDb2"},
{"_id":{"$oid":"5f5237a4c1beb1523fa3dbc2"},"firstname":"Wayne","lastname":"Johson","email":"wayne.johson@raviga.com","password":"$2a$10$JbEPsX3aHDjQe6nlTOcN4.dHoV4xofltgdI.LGohsQFOE5q8btDb2"},
{"_id":{"$oid":"5f5237a4c1beb1523fa3dbc3"},"firstname":"Fred","lastname":"Hatten","email":"fred.hatten@piedpiper.com","password":"$2a$10$JbEPsX3aHDjQe6nlTOcN4.dHoV4xofltgdI.LGohsQFOE5q8btDb2"},
{"_id":{"$oid":"5f5237a4c1beb1523fa3dbc4"},"firstname":"Robert","lastname":"Harford","email":"robert.harford@hooli.com","password":"$2a$10$JbEPsX3aHDjQe6nlTOcN4.dHoV4xofltgdI.LGohsQFOE5q8btDb2"},
{"_id":{"$oid":"5f5237a4c1beb1523fa3dbc5"},"firstname":"Dorothy","lastname":"Carroll","email":"dorothy.carroll@outlook.com","password":"$2a$10$JbEPsX3aHDjQe6nlTOcN4.dHoV4xofltgdI.LGohsQFOE5q8btDb2"},
{"_id":{"$oid":"5f5237a4c1beb1523fa3dbc6"},"firstname":"James","lastname":"Smith","email":"james.smith@yahoo.com","password":"$2a$10$JbEPsX3aHDjQe6nlTOcN4.dHoV4xofltgdI.LGohsQFOE5q8btDb2"},
{"_id":{"$oid":"5f5237a4c1beb1523fa3dbc7"},"firstname":"Mary","lastname":"Lopez","email":"mary.lopez@bachmanity.com","password":"$2a$10$JbEPsX3aHDjQe6nlTOcN4.dHoV4xofltgdI.LGohsQFOE5q8btDb2"},
{"_id":{"$oid":"5f5237a4c1beb1523fa3dbc8"},"firstname":"Corey","lastname":"Murray","email":"corey.murray@outlook.com","password":"$2a$10$JbEPsX3aHDjQe6nlTOcN4.dHoV4xofltgdI.LGohsQFOE5q8btDb2"},
{"_id":{"$oid":"5f5237a4c1beb1523fa3dbc9"},"firstname":"Leroy","lastname":"Thorne","email":"leroy.thorne@ymail.com","password":"$2a$10$JbEPsX3aHDjQe6nlTOcN4.dHoV4xofltgdI.LGohsQFOE5q8btDb2"},
{"_id":{"$oid":"5f5237a4c1beb1523fa3dbca"},"firstname":"Justin","lastname":"Sexton","email":"justin.sexton@yahoo.com","password":"$2a$10$JbEPsX3aHDjQe6nlTOcN4.dHoV4xofltgdI.LGohsQFOE5q8btDb2"},
{"_id":{"$oid":"5f5237a4c1beb1523fa3dbcb"},"firstname":"Ami","lastname":"Estes","email":"ami.estes@piedpiper.com","password":"$2a$10$JbEPsX3aHDjQe6nlTOcN4.dHoV4xofltgdI.LGohsQFOE5q8btDb2"},
{"_id":{"$oid":"5f5237a4c1beb1523fa3dbcc"},"firstname":"Jacqueline","lastname":"Wright","email":"jacqueline.wright@bachmanity.com","password":"$2a$10$JbEPsX3aHDjQe6nlTOcN4.dHoV4xofltgdI.LGohsQFOE5q8btDb2"},
{"_id":{"$oid":"5f5237a4c1beb1523fa3dbcd"},"firstname":"Robert","lastname":"Reper","email":"robert.reper@piedpiper.com","password":"$2a$10$JbEPsX3aHDjQe6nlTOcN4.dHoV4xofltgdI.LGohsQFOE5q8btDb2"},
{"_id":{"$oid":"5f5237a4c1beb1523fa3dbce"},"firstname":"Shelly","lastname":"Downey","email":"shelly.downey@ymail.com","password":"$2a$10$JbEPsX3aHDjQe6nlTOcN4.dHoV4xofltgdI.LGohsQFOE5q8btDb2"},
{"_id":{"$oid":"5f5237a4c1beb1523fa3dbcf"},"firstname":"Sung","lastname":"Sowers","email":"sung.sowers@piedpiper.com","password":"$2a$10$JbEPsX3aHDjQe6nlTOcN4.dHoV4xofltgdI.LGohsQFOE5q8btDb2"},
{"_id":{"$oid":"5f5237a4c1beb1523fa3dbd0"},"firstname":"Beverly","lastname":"Lapp","email":"beverly.lapp@bachmanity.com","password":"$2a$10$JbEPsX3aHDjQe6nlTOcN4.dHoV4xofltgdI.LGohsQFOE5q8btDb2"},
{"_id":{"$oid":"5f5237a4c1beb1523fa3dbd1"},"firstname":"Lois","lastname":"Parfitt","email":"lois.parfitt@raviga.com","password":"$2a$10$JbEPsX3aHDjQe6nlTOcN4.dHoV4xofltgdI.LGohsQFOE5q8btDb2"},
{"_id":{"$oid":"5f5237a4c1beb1523fa3dbd2"},"firstname":"Catherine","lastname":"Smith","email":"catherine.smith@yahoo.com","password":"$2a$10$JbEPsX3aHDjQe6nlTOcN4.dHoV4xofltgdI.LGohsQFOE5q8btDb2"},
{"_id":{"$oid":"5f5237a4c1beb1523fa3dbd3"},"firstname":"David","lastname":"Reed","email":"david.reed@hooli.com","password":"$2a$10$JbEPsX3aHDjQe6nlTOcN4.dHoV4xofltgdI.LGohsQFOE5q8btDb2"},
{"_id":{"$oid":"5f5237a4c1beb1523fa3dbd4"},"firstname":"Carla","lastname":"Sanders","email":"carla.sanders@piedpiper.com","password":"$2a$10$JbEPsX3aHDjQe6nlTOcN4.dHoV4xofltgdI.LGohsQFOE5q8btDb2"},
{"_id":{"$oid":"5f5237a4c1beb1523fa3dbd5"},"firstname":"Kathleen","lastname":"Frentzel","email":"kathleen.frentzel@raviga.com","password":"$2a$10$JbEPsX3aHDjQe6nlTOcN4.dHoV4xofltgdI.LGohsQFOE5q8btDb2"},
{"_id":{"$oid":"5f5237a4c1beb1523fa3dbd6"},"firstname":"Howard","lastname":"Boston","email":"howard.boston@yahoo.com","password":"$2a$10$JbEPsX3aHDjQe6nlTOcN4.dHoV4xofltgdI.LGohsQFOE5q8btDb2"},
{"_id":{"$oid":"5f5237a4c1beb1523fa3dbd7"},"firstname":"Robin","lastname":"Lacasse","email":"robin.lacasse@raviga.com","password":"$2a$10$JbEPsX3aHDjQe6nlTOcN4.dHoV4xofltgdI.LGohsQFOE5q8btDb2"},
{"_id":{"$oid":"5f5237a4c1beb1523fa3dbd8"},"firstname":"Timothy","lastname":"Blocker","email":"timothy.blocker@yahoo.com","password":"$2a$10$JbEPsX3aHDjQe6nlTOcN4.dHoV4xofltgdI.LGohsQFOE5q8btDb2"},
{"_id":{"$oid":"5f5237a4c1beb1523fa3dbd9"},"firstname":"Laura","lastname":"So","email":"laura.so@hooli.com","password":"$2a$10$JbEPsX3aHDjQe6nlTOcN4.dHoV4xofltgdI.LGohsQFOE5q8btDb2"},
{"_id":{"$oid":"5f5237a4c1beb1523fa3dbda"},"firstname":"Joyce","lastname":"Crawford","email":"joyce.crawford@bachmanity.com","password":"$2a$10$JbEPsX3aHDjQe6nlTOcN4.dHoV4xofltgdI.LGohsQFOE5q8btDb2"},
{"_id":{"$oid":"5f5237a4c1beb1523fa3dbdb"},"firstname":"Margo","lastname":"Sills","email":"margo.sills@endframe.com","password":"$2a$10$JbEPsX3aHDjQe6nlTOcN4.dHoV4xofltgdI.LGohsQFOE5q8btDb2"},
{"_id":{"$oid":"5f5237a4c1beb1523fa3dbdc"},"firstname":"Rodney","lastname":"Humphrey","email":"rodney.humphrey@piedpiper.com","password":"$2a$10$JbEPsX3aHDjQe6nlTOcN4.dHoV4xofltgdI.LGohsQFOE5q8btDb2"},
{"_id":{"$oid":"5f5237a4c1beb1523fa3dbdd"},"firstname":"Stephen","lastname":"Robledo","email":"stephen.robledo@endframe.com","password":"$2a$10$JbEPsX3aHDjQe6nlTOcN4.dHoV4xofltgdI.LGohsQFOE5q8btDb2"},
{"_id":{"$oid":"5f5237a4c1beb1523fa3dbde"},"firstname":"Maria","lastname":"Lafferty","email":"maria.lafferty@gmail.com","password":"$2a$10$JbEPsX3aHDjQe6nlTOcN4.dHoV4xofltgdI.LGohsQFOE5q8btDb2"},
{"_id":{"$oid":"5f5237a4c1beb1523fa3dbdf"},"firstname":"Frances","lastname":"Samson","email":"frances.samson@outlook.com","password":"$2a$10$JbEPsX3aHDjQe6nlTOcN4.dHoV4xofltgdI.LGohsQFOE5q8btDb2"},
{"_id":{"$oid":"5f5237a4c1beb1523fa3dbe0"},"firstname":"Amelia","lastname":"Tolliver","email":"amelia.tolliver@raviga.com","password":"$2a$10$JbEPsX3aHDjQe6nlTOcN4.dHoV4xofltgdI.LGohsQFOE5q8btDb2"},
{"_id":{"$oid":"5f5237a4c1beb1523fa3dbe1"},"firstname":"Rosaura","lastname":"Fabry","email":"rosaura.fabry@endframe.com","password":"$2a$10$JbEPsX3aHDjQe6nlTOcN4.dHoV4xofltgdI.LGohsQFOE5q8btDb2"},
{"_id":{"$oid":"5f5237a4c1beb1523fa3dbe2"},"firstname":"William","lastname":"Shepard","email":"william.shepard@piedpiper.com","password":"$2a$10$JbEPsX3aHDjQe6nlTOcN4.dHoV4xofltgdI.LGohsQFOE5q8btDb2"},
{"_id":{"$oid":"5f5237a4c1beb1523fa3dbe3"},"firstname":"Eddie","lastname":"Thomason","email":"eddie.thomason@yahoo.com","password":"$2a$10$JbEPsX3aHDjQe6nlTOcN4.dHoV4xofltgdI.LGohsQFOE5q8btDb2"},
{"_id":{"$oid":"5f5237a4c1beb1523fa3dbe4"},"firstname":"Virginia","lastname":"Daniele","email":"virginia.daniele@yahoo.com","password":"$2a$10$JbEPsX3aHDjQe6nlTOcN4.dHoV4xofltgdI.LGohsQFOE5q8btDb2"},
{"_id":{"$oid":"5f5237a4c1beb1523fa3dbe5"},"firstname":"Margarita","lastname":"Nowicki","email":"margarita.nowicki@hooli.com","password":"$2a$10$JbEPsX3aHDjQe6nlTOcN4.dHoV4xofltgdI.LGohsQFOE5q8btDb2"},
{"_id":{"$oid":"5f5237a4c1beb1523fa3dbe6"},"firstname":"Maria","lastname":"Rehberg","email":"maria.rehberg@piedpiper.com","password":"$2a$10$JbEPsX3aHDjQe6nlTOcN4.dHoV4xofltgdI.LGohsQFOE5q8btDb2"},
{"_id":{"$oid":"5f5237a4c1beb1523fa3dbe7"},"firstname":"Daniel","lastname":"Rogers","email":"daniel.rogers@raviga.com","password":"$2a$10$JbEPsX3aHDjQe6nlTOcN4.dHoV4xofltgdI.LGohsQFOE5q8btDb2"},
{"_id":{"$oid":"5f5237a4c1beb1523fa3dbe8"},"firstname":"Jason","lastname":"Dileo","email":"jason.dileo@piedpiper.com","password":"$2a$10$JbEPsX3aHDjQe6nlTOcN4.dHoV4xofltgdI.LGohsQFOE5q8btDb2"},
{"_id":{"$oid":"5f5237a4c1beb1523fa3dbe9"},"firstname":"Louis","lastname":"Morris","email":"louis.morris@piedpiper.com","password":"$2a$10$JbEPsX3aHDjQe6nlTOcN4.dHoV4xofltgdI.LGohsQFOE5q8btDb2"},
{"_id":{"$oid":"5f5237a4c1beb1523fa3dbea"},"firstname":"Mitch","lastname":"Gonzalez","email":"mitch.gonzalez@raviga.com","password":"$2a$10$JbEPsX3aHDjQe6nlTOcN4.dHoV4xofltgdI.LGohsQFOE5q8btDb2"},
{"_id":{"$oid":"5f5237a4c1beb1523fa3dbeb"},"firstname":"Patricia","lastname":"Rustin","email":"patricia.rustin@piedpiper.com","password":"$2a$10$JbEPsX3aHDjQe6nlTOcN4.dHoV4xofltgdI.LGohsQFOE5q8btDb2"},
{"_id":{"$oid":"5f5237a4c1beb1523fa3dbec"},"firstname":"Sandra","lastname":"Hendrickson","email":"sandra.hendrickson@bachmanity.com","password":"$2a$10$JbEPsX3aHDjQe6nlTOcN4.dHoV4xofltgdI.LGohsQFOE5q8btDb2"},
{"_id":{"$oid":"5f5237a4c1beb1523fa3dbed"},"firstname":"Geraldine","lastname":"Milburn","email":"geraldine.milburn@piedpiper.com","password":"$2a$10$JbEPsX3aHDjQe6nlTOcN4.dHoV4xofltgdI.LGohsQFOE5q8btDb2"},
{"_id":{"$oid":"5f5237a4c1beb1523fa3dbee"},"firstname":"David","lastname":"Mccormack","email":"david.mccormack@piedpiper.com","password":"$2a$10$JbEPsX3aHDjQe6nlTOcN4.dHoV4xofltgdI.LGohsQFOE5q8btDb2"},
{"_id":{"$oid":"5f5237a4c1beb1523fa3dbef"},"firstname":"Todd","lastname":"Lemay","email":"todd.lemay@piedpiper.com","password":"$2a$10$JbEPsX3aHDjQe6nlTOcN4.dHoV4xofltgdI.LGohsQFOE5q8btDb2"},
{"_id":{"$oid":"5f5237a4c1beb1523fa3dbf0"},"firstname":"Melissa","lastname":"Beatty","email":"melissa.beatty@endframe.com","password":"$2a$10$JbEPsX3aHDjQe6nlTOcN4.dHoV4xofltgdI.LGohsQFOE5q8btDb2"},
{"_id":{"$oid":"5f5237a4c1beb1523fa3dbf1"},"firstname":"Lonna","lastname":"Hardman","email":"lonna.hardman@bachmanity.com","password":"$2a$10$JbEPsX3aHDjQe6nlTOcN4.dHoV4xofltgdI.LGohsQFOE5q8btDb2"},
{"_id":{"$oid":"5f5237a4c1beb1523fa3dbf2"},"firstname":"Melody","lastname":"Deere","email":"melody.deere@hooli.com","password":"$2a$10$JbEPsX3aHDjQe6nlTOcN4.dHoV4xofltgdI.LGohsQFOE5q8btDb2"},
{"_id":{"$oid":"5f5237a4c1beb1523fa3dbf3"},"firstname":"Pauline","lastname":"Seit","email":"pauline.seit@hooli.com","password":"$2a$10$JbEPsX3aHDjQe6nlTOcN4.dHoV4xofltgdI.LGohsQFOE5q8btDb2"},
{"_id":{"$oid":"5f5237a4c1beb1523fa3dbf4"},"firstname":"Edwin","lastname":"Mountain","email":"edwin.mountain@hooli.com","password":"$2a$10$JbEPsX3aHDjQe6nlTOcN4.dHoV4xofltgdI.LGohsQFOE5q8btDb2"},
{"_id":{"$oid":"5f5237a4c1beb1523fa3dbf5"},"firstname":"Lewis","lastname":"Bowmer","email":"lewis.bowmer@raviga.com","password":"$2a$10$JbEPsX3aHDjQe6nlTOcN4.dHoV4xofltgdI.LGohsQFOE5q8btDb2"}]